person_id,population_group,sex,age,years_in_germany,education_level,german_language_cefr,deskilling_penalty,annual_gross_wage_eur,monthly_remittances_eur,pension_ep_accumulated,deposit_assets_eur,investment_assets_eur,housing_real_estate_eur,total_debt_eur,financial_wealth_eur,net_wealth_eur
ID_000001,German_Native,Female,23,23.0,Medium (Vocational),C1/C2,0.0,35725.8,0.0,5.01,1283.51,0.0,0.0,0.0,1283.51,1283.51
ID_000002,Migrant_2ndGen,Male,23,23.0,Medium (Vocational),C1/C2,0.02,43900.92,24.7,2.4,582.06,0.0,0.0,0.0,582.06,582.06
ID_000003,General_Migrant,Male,45,23.7,High (Tertiary),C1/C2,0.04,126794.32,32.83,46.51,3521.77,0.0,299352.04,188973.44,3521.77,113900.37
ID_000004,German_Native,Female,41,41.0,High (Tertiary),C1/C2,0.0,90696.84,0.0,37.5,35240.18,0.0,320215.56,245242.86,35240.18,110212.88
ID_000005,German_Native,Female,18,18.0,Medium (Vocational),C1/C2,0.0,36544.24,0.0,0.0,1716.46,0.0,0.0,4459.82,1716.46,-2743.36
ID_000006,German_Native,Female,57,57.0,Medium (Vocational),C1/C2,0.0,32532.9,0.0,22.68,6399.0,0.0,351104.56,44450.86,6399.0,313052.7
ID_000007,German_Native,Male,48,48.0,Low,C1/C2,0.0,53819.24,0.0,33.26,6284.06,0.0,416562.4,146422.32,6284.06,276424.14
ID_000008,General_Refugee,Male,22,11.3,Low,B2,0.08,29553.84,101.37,1.26,740.59,0.0,0.0,0.0,740.59,740.59
ID_000009,German_Native,Female,63,63.0,Medium (Vocational),C1/C2,0.0,62387.95,0.0,49.4,2353.06,0.0,341144.98,0.0,2353.06,343498.04
ID_000010,General_Migrant,Female,44,24.8,Low,B1,0.04,22293.85,14.54,13.33,801.65,0.0,0.0,606.09,801.65,195.56
ID_000011,German_Native,Female,34,34.0,High (Tertiary),C1/C2,0.0,37864.72,0.0,12.77,10447.31,110012.65,0.0,0.0,120459.96,120459.96
ID_000012,Migrant_2ndGen,Female,45,45.0,High (Tertiary),C1/C2,0.02,54810.08,5.53,33.63,3075.57,0.0,0.0,0.0,3075.57,3075.57
ID_000013,General_Refugee,Male,18,8.8,Medium (Vocational),B1,0.08,48561.58,1.99,0.0,100.0,750.11,0.0,7421.85,850.11,-6571.74
ID_000014,German_Native,Male,51,51.0,High (Tertiary),C1/C2,0.0,46006.94,0.0,31.44,6683.22,0.0,399956.53,156204.55,6683.22,250435.2
ID_000015,German_Native,Male,38,38.0,High (Tertiary),C1/C2,0.0,62539.13,0.0,22.14,8603.16,0.0,0.0,0.0,8603.16,8603.16
ID_000016,German_Native,Female,26,26.0,Medium (Vocational),C1/C2,0.0,41842.1,0.0,8.22,987.35,0.0,0.0,6074.87,987.35,-5087.52
ID_000017,German_Native,Male,64,64.0,High (Tertiary),C1/C2,0.0,90588.73,0.0,66.0,34141.08,4447.4,324590.93,0.0,38588.48,363179.41
ID_000018,German_Native,Male,41,41.0,High (Tertiary),C1/C2,0.0,50661.95,0.0,21.47,11274.39,0.0,0.0,603.93,11274.39,10670.46
ID_000019,German_Native,Female,38,38.0,High (Tertiary),C1/C2,0.0,73256.83,0.0,28.1,6955.24,0.0,0.0,0.0,6955.24,6955.24
ID_000020,German_Native,Male,38,38.0,Medium (Vocational),C1/C2,0.0,43267.44,0.0,13.77,3198.4,0.0,0.0,0.0,3198.4,3198.4
ID_000021,German_Native,Male,62,62.0,High (Tertiary),C1/C2,0.0,72492.4,0.0,55.17,10279.38,0.0,0.0,0.0,10279.38,10279.38
ID_000022,German_Native,Female,58,58.0,Medium (Vocational),C1/C2,0.0,41281.51,0.0,37.18,12592.28,1366.54,0.0,0.0,13958.82,13958.82
ID_000023,German_Native,Male,65,65.0,Low,C1/C2,0.0,49788.87,0.0,42.9,3789.87,0.0,323138.86,0.0,3789.87,326928.73
ID_000024,German_Native,Female,59,59.0,Medium (Vocational),C1/C2,0.0,54717.13,0.0,43.83,21724.18,47575.91,457092.01,17844.76,69300.09,508547.34
ID_000025,German_Native,Female,55,55.0,Low,C1/C2,0.0,37873.85,0.0,31.43,3085.69,0.0,120000.0,25458.68,3085.69,97627.01
ID_000026,General_Migrant,Female,44,31.0,Medium (Vocational),B2,0.04,73118.92,228.24,36.17,2393.49,4470.81,0.0,3375.21,6864.3,3489.09
ID_000027,German_Native,Male,32,32.0,High (Tertiary),C1/C2,0.0,77796.12,0.0,19.62,1041.35,0.0,0.0,1109.41,1041.35,-68.06
ID_000028,German_Native,Male,41,41.0,High (Tertiary),C1/C2,0.0,65314.34,0.0,23.33,6144.53,0.0,410101.44,223348.53,6144.53,192897.44
ID_000029,German_Native,Male,27,27.0,Medium (Vocational),C1/C2,0.0,43798.82,0.0,6.37,2320.02,515.26,0.0,0.0,2835.28,2835.28
ID_000030,German_Native,Female,40,40.0,Low,C1/C2,0.0,29047.82,0.0,14.38,5884.99,4076.77,371180.03,218801.97,9961.76,162339.82
ID_000031,German_Native,Female,41,41.0,Low,C1/C2,0.0,41264.76,0.0,19.76,6638.44,644.65,462060.51,302820.22,7283.09,166523.38
ID_000032,German_Native,Female,85,85.0,Medium (Vocational),C1/C2,0.0,0.0,0.0,57.51,8549.42,0.0,484294.8,0.0,8549.42,492844.22
ID_000033,German_Native,Female,57,57.0,High (Tertiary),C1/C2,0.0,51867.79,0.0,37.73,27766.35,25196.77,402065.29,51547.34,52963.12,403481.07
ID_000034,Migrant_2ndGen,Female,23,23.0,High (Tertiary),C1/C2,0.02,39027.19,22.68,2.13,1942.0,0.0,0.0,0.0,1942.0,1942.0
ID_000035,Migrant_2ndGen,Female,47,47.0,High (Tertiary),C1/C2,0.02,52199.81,34.61,30.97,6613.22,0.0,0.0,0.0,6613.22,6613.22
ID_000036,General_Migrant,Male,33,15.4,High (Tertiary),B2,0.04,42241.99,80.47,10.56,793.77,0.0,0.0,0.0,793.77,793.77
ID_000037,German_Native,Female,47,47.0,Medium (Vocational),C1/C2,0.0,44578.69,0.0,28.21,38104.51,0.0,341879.62,128328.0,38104.51,251656.13
ID_000038,German_Native,Male,63,63.0,High (Tertiary),C1/C2,0.0,98453.34,0.0,83.83,5676.31,4374.75,0.0,273.04,10051.06,9778.02
ID_000039,General_Migrant,Female,23,6.0,Low,A1/A2,0.04,45460.69,107.41,5.34,922.48,0.0,443363.22,672201.26,922.48,-227915.56
ID_000040,German_Native,Male,52,52.0,Medium (Vocational),C1/C2,0.0,77021.19,0.0,54.56,50920.67,0.0,340107.17,101666.48,50920.67,289361.36
ID_000041,German_Native,Female,21,21.0,Medium (Vocational),C1/C2,0.0,72372.33,0.0,0.0,531.32,0.0,0.0,0.0,531.32,531.32
ID_000042,German_Native,Male,29,29.0,Medium (Vocational),C1/C2,0.0,42076.39,0.0,6.66,3068.69,0.0,0.0,0.0,3068.69,3068.69
ID_000043,German_Native,Male,43,43.0,High (Tertiary),C1/C2,0.0,112625.18,0.0,46.03,20143.07,0.0,0.0,840.51,20143.07,19302.56
ID_000044,Ukrainian_Migrant_Pre2022,Male,58,15.0,High (Tertiary),C1/C2,0.03,35586.97,27.21,11.42,2813.24,0.0,0.0,0.0,2813.24,2813.24
ID_000045,German_Native,Female,55,55.0,Medium (Vocational),C1/C2,0.0,63165.56,0.0,47.2,5726.91,0.0,369561.23,63870.51,5726.91,311417.63
ID_000046,General_Migrant,Male,18,29.2,Low,C1/C2,0.04,24251.12,82.78,0.0,621.57,0.0,0.0,0.0,621.57,621.57
ID_000047,German_Native,Male,50,50.0,Medium (Vocational),C1/C2,0.0,73334.46,0.0,37.0,25304.84,0.0,0.0,3338.56,25304.84,21966.28
ID_000048,German_Native,Female,45,45.0,High (Tertiary),C1/C2,0.0,71792.55,0.0,36.71,6809.58,0.0,454052.62,230338.85,6809.58,230523.35
ID_000049,German_Native,Female,40,40.0,High (Tertiary),C1/C2,0.0,124574.22,0.0,39.07,6687.92,2413.18,376644.27,281277.25,9101.1,104468.12
ID_000050,German_Native,Female,24,24.0,Medium (Vocational),C1/C2,0.0,26789.69,0.0,5.2,2101.85,552.88,0.0,0.0,2654.73,2654.73
ID_000051,Migrant_2ndGen,Female,38,38.0,Low,C1/C2,0.02,46103.84,73.83,13.67,4641.7,3660.4,0.0,0.0,8302.1,8302.1
ID_000052,General_Migrant,Female,25,13.3,Medium (Vocational),C1/C2,0.04,41086.87,30.47,7.09,912.84,0.0,0.0,722.76,912.84,190.08
ID_000053,Migrant_2ndGen,Male,41,41.0,High (Tertiary),C1/C2,0.02,59731.3,5.57,26.09,2584.91,0.0,0.0,0.0,2584.91,2584.91
ID_000054,Ukrainian_Refugee_2022plus,Female,35,2.0,High (Tertiary),B2,0.1,28466.65,391.41,0.58,3042.0,0.0,0.0,0.0,3042.0,3042.0
ID_000055,German_Native,Male,41,41.0,Medium (Vocational),C1/C2,0.0,75083.85,0.0,29.24,1917.11,0.0,457638.07,311746.96,1917.11,147808.22
ID_000056,Migrant_2ndGen,Male,45,45.0,Medium (Vocational),C1/C2,0.02,62991.29,1.3,30.25,7991.0,35460.58,0.0,0.0,43451.58,43451.58
ID_000057,German_Native,Male,62,62.0,High (Tertiary),C1/C2,0.0,123314.82,0.0,83.23,4973.14,76919.31,0.0,4469.53,81892.45,77422.92
ID_000058,German_Native,Female,44,44.0,Medium (Vocational),C1/C2,0.0,64558.72,0.0,33.03,4515.91,0.0,344246.23,200948.93,4515.91,147813.21
ID_000059,German_Native,Female,35,35.0,Medium (Vocational),C1/C2,0.0,49876.29,0.0,18.04,3815.1,0.0,0.0,0.0,3815.1,3815.1
ID_000060,German_Native,Female,74,74.0,Medium (Vocational),C1/C2,0.0,0.0,0.0,47.94,20417.18,0.0,0.0,749.75,20417.18,19667.43
ID_000061,German_Native,Female,18,18.0,Medium (Vocational),C1/C2,0.0,29776.54,0.0,0.0,1749.44,0.0,0.0,141.61,1749.44,1607.83
ID_000062,German_Native,Male,68,68.0,Low,C1/C2,0.0,0.0,0.0,46.85,9023.3,0.0,0.0,0.0,9023.3,9023.3
ID_000063,General_Refugee,Male,38,11.4,Medium (Vocational),B2,0.08,45149.86,231.96,9.37,164.58,0.0,0.0,5771.38,164.58,-5606.8
ID_000064,German_Native,Male,18,18.0,High (Tertiary),C1/C2,0.0,36244.77,0.0,0.0,2823.93,0.0,0.0,0.0,2823.93,2823.93
ID_000065,German_Native,Female,43,43.0,Medium (Vocational),C1/C2,0.0,63436.5,0.0,35.05,2092.84,0.0,489181.26,267427.73,2092.84,223846.37
ID_000066,German_Native,Female,33,33.0,Medium (Vocational),C1/C2,0.0,34993.77,0.0,8.79,1672.87,0.0,0.0,367.57,1672.87,1305.3
ID_000067,German_Native,Male,59,59.0,Medium (Vocational),C1/C2,0.0,51680.4,0.0,34.92,3519.57,16601.61,0.0,0.0,20121.18,20121.18
ID_000068,General_Migrant,Female,43,24.9,Medium (Vocational),B2,0.04,41987.01,224.18,22.32,1914.02,0.0,0.0,0.0,1914.02,1914.02
ID_000069,German_Native,Male,80,80.0,Medium (Vocational),C1/C2,0.0,0.0,0.0,48.72,3972.92,0.0,580417.45,0.0,3972.92,584390.37
ID_000070,Migrant_2ndGen,Female,53,53.0,Medium (Vocational),C1/C2,0.02,48231.41,0.62,32.29,6504.53,0.0,0.0,0.0,6504.53,6504.53
ID_000071,General_Migrant,Female,36,26.1,Medium (Vocational),B2,0.04,45216.92,45.76,17.09,9703.27,0.0,0.0,2406.25,9703.27,7297.02
ID_000072,German_Native,Female,66,66.0,High (Tertiary),C1/C2,0.0,122810.76,0.0,101.31,3371.48,0.0,542231.05,0.0,3371.48,545602.53
ID_000073,German_Native,Male,72,72.0,High (Tertiary),C1/C2,0.0,0.0,0.0,39.92,6603.42,32364.58,293035.07,0.0,38968.0,332003.07
ID_000074,General_Refugee,Male,38,9.1,Medium (Vocational),B2,0.08,74406.46,1.74,12.96,1251.11,0.0,0.0,0.0,1251.11,1251.11
ID_000075,General_Migrant,Male,58,11.6,Low,B1,0.04,52922.99,205.09,11.8,10741.1,0.0,0.0,0.0,10741.1,10741.1
ID_000076,General_Migrant,Male,45,16.8,Low,B1,0.04,23628.47,4.36,7.02,13485.76,0.0,0.0,0.0,13485.76,13485.76
ID_000077,General_Migrant,Male,31,13.2,Low,B2,0.04,49321.88,264.29,10.41,11376.29,0.0,0.0,5424.38,11376.29,5951.91
ID_000078,German_Native,Female,36,36.0,High (Tertiary),C1/C2,0.0,115072.03,0.0,36.77,2346.66,0.0,0.0,1797.12,2346.66,549.54
ID_000079,German_Native,Male,34,34.0,High (Tertiary),C1/C2,0.0,47024.63,0.0,11.39,962.9,4625.12,0.0,0.0,5588.02,5588.02
ID_000080,German_Native,Male,47,47.0,Medium (Vocational),C1/C2,0.0,33962.36,0.0,17.22,30955.44,0.0,0.0,2641.1,30955.44,28314.34
ID_000081,General_Refugee,Male,26,10.2,Medium (Vocational),B2,0.08,55466.52,124.15,5.53,2138.33,0.0,0.0,975.01,2138.33,1163.32
ID_000082,German_Native,Female,77,77.0,Medium (Vocational),C1/C2,0.0,0.0,0.0,61.4,10370.62,0.0,278586.31,0.0,10370.62,288956.93
ID_000083,German_Native,Female,43,43.0,Medium (Vocational),C1/C2,0.0,54025.85,0.0,24.81,24179.49,0.0,172731.99,82739.64,24179.49,114171.84
ID_000084,German_Native,Female,44,44.0,Medium (Vocational),C1/C2,0.0,148992.66,0.0,51.68,20289.09,0.0,0.0,6469.66,20289.09,13819.43
ID_000085,German_Native,Female,46,46.0,High (Tertiary),C1/C2,0.0,67253.09,0.0,34.03,12229.36,0.0,0.0,0.0,12229.36,12229.36
ID_000086,German_Native,Female,44,44.0,Medium (Vocational),C1/C2,0.0,56520.18,0.0,25.04,3227.19,0.0,0.0,0.0,3227.19,3227.19
ID_000087,General_Migrant,Female,22,24.4,High (Tertiary),A1/A2,0.12,51294.15,111.56,4.86,1705.49,0.0,0.0,0.0,1705.49,1705.49
ID_000088,German_Native,Female,61,61.0,Medium (Vocational),C1/C2,0.0,48127.33,0.0,42.36,1448.58,96772.2,484574.62,0.0,98220.78,582795.4
ID_000089,Ukrainian_Refugee_2022plus,Female,41,1.1,High (Tertiary),B2,0.1,19313.96,372.56,0.38,555.51,0.0,0.0,0.0,555.51,555.51
ID_000090,German_Native,Female,37,37.0,Medium (Vocational),C1/C2,0.0,60036.52,0.0,18.0,12391.61,0.0,0.0,0.0,12391.61,12391.61
ID_000091,German_Native,Male,75,75.0,High (Tertiary),C1/C2,0.0,0.0,0.0,46.8,7264.06,0.0,0.0,0.0,7264.06,7264.06
ID_000092,General_Migrant,Male,38,32.2,High (Tertiary),B1,0.12,60053.2,50.45,19.68,583.54,151965.62,0.0,1665.39,152549.16,150883.77
ID_000093,General_Migrant,Female,44,27.9,High (Tertiary),B2,0.04,50363.11,98.64,30.72,1016.74,0.0,317511.15,169387.04,1016.74,149140.85
ID_000094,German_Native,Female,18,18.0,High (Tertiary),C1/C2,0.0,58206.6,0.0,0.0,241.78,0.0,0.0,0.0,241.78,241.78
ID_000095,General_Migrant,Male,31,26.5,Low,C1/C2,0.04,95188.47,84.23,17.21,2861.44,0.0,0.0,0.0,2861.44,2861.44
ID_000096,German_Native,Female,61,61.0,High (Tertiary),C1/C2,0.0,108912.09,0.0,92.6,3118.53,0.0,519295.32,0.0,3118.53,522413.85
ID_000097,German_Native,Female,49,49.0,High (Tertiary),C1/C2,0.0,86655.62,0.0,60.92,5162.62,0.0,276712.79,94465.23,5162.62,187410.18
ID_000098,German_Native,Female,40,40.0,Medium (Vocational),C1/C2,0.0,73783.84,0.0,33.59,1665.4,0.0,384672.8,332795.02,1665.4,53543.18
ID_000099,German_Native,Female,37,37.0,Medium (Vocational),C1/C2,0.0,54507.82,0.0,24.05,28490.29,0.0,0.0,174.06,28490.29,28316.23
ID_000100,German_Native,Male,37,37.0,Medium (Vocational),C1/C2,0.0,54888.8,0.0,17.74,597.53,0.0,0.0,0.0,597.53,597.53
ID_000101,German_Native,Male,56,56.0,High (Tertiary),C1/C2,0.0,43764.74,0.0,33.98,8883.06,28370.78,0.0,0.0,37253.84,37253.84
ID_000102,German_Native,Male,32,32.0,High (Tertiary),C1/C2,0.0,51917.36,0.0,12.54,1980.84,17034.17,223678.76,207686.82,19015.01,35006.95
ID_000103,German_Native,Male,37,37.0,Medium (Vocational),C1/C2,0.0,71842.2,0.0,24.92,4678.13,2858.74,0.0,121.2,7536.87,7415.67
ID_000104,German_Native,Male,55,55.0,High (Tertiary),C1/C2,0.0,53592.27,0.0,39.03,1729.47,106921.56,376418.4,76936.83,108651.03,408132.6
ID_000105,Ukrainian_Migrant_Pre2022,Male,39,11.3,Medium (Vocational),B1,0.03,51010.65,3.85,10.27,1195.41,0.0,0.0,0.0,1195.41,1195.41
ID_000106,German_Native,Male,51,51.0,High (Tertiary),C1/C2,0.0,58968.44,0.0,31.65,2863.45,0.0,0.0,0.0,2863.45,2863.45
ID_000107,German_Native,Female,46,46.0,High (Tertiary),C1/C2,0.0,76767.3,0.0,46.36,6028.01,0.0,0.0,0.0,6028.01,6028.01
ID_000108,General_Migrant,Female,45,17.0,Medium (Vocational),C1/C2,0.04,102974.2,38.79,28.49,4228.18,5651.09,0.0,0.0,9879.27,9879.27
ID_000109,German_Native,Male,58,58.0,High (Tertiary),C1/C2,0.0,79605.38,0.0,52.59,9636.99,0.0,0.0,0.0,9636.99,9636.99
ID_000110,German_Native,Male,75,75.0,Medium (Vocational),C1/C2,0.0,0.0,0.0,40.72,6297.28,2406.82,524927.45,0.0,8704.1,533631.55
ID_000111,German_Native,Male,64,64.0,Medium (Vocational),C1/C2,0.0,42413.64,0.0,38.03,12610.67,0.0,0.0,933.28,12610.67,11677.39
ID_000112,German_Native,Male,46,46.0,Medium (Vocational),C1/C2,0.0,42970.46,0.0,23.0,2344.0,6459.25,0.0,13601.61,8803.25,-4798.36
ID_000113,Migrant_2ndGen,Male,29,29.0,High (Tertiary),C1/C2,0.02,30097.53,56.51,5.24,6183.36,23619.21,0.0,0.0,29802.57,29802.57
ID_000114,General_Migrant,Male,59,7.6,High (Tertiary),C1/C2,0.04,64117.36,41.07,9.03,3265.37,0.0,267310.58,11381.2,3265.37,259194.75
ID_000115,German_Native,Male,71,71.0,High (Tertiary),C1/C2,0.0,0.0,0.0,37.71,3222.64,0.0,0.0,0.0,3222.64,3222.64
ID_000116,Ukrainian_Refugee_2022plus,Female,34,1.9,Low,A1/A2,0.1,17712.31,146.35,0.36,1142.2,500.0,0.0,0.0,1642.2,1642.2
ID_000117,General_Migrant,Female,46,26.6,Medium (Vocational),B2,0.04,38243.98,8.71,20.68,8494.83,0.0,593528.77,268796.49,8494.83,333227.11
ID_000118,German_Native,Female,53,53.0,High (Tertiary),C1/C2,0.0,93012.12,0.0,64.34,12837.53,0.0,385034.65,111718.89,12837.53,286153.29
ID_000119,Ukrainian_Refugee_2022plus,Male,32,3.8,High (Tertiary),B1,0.28,23629.85,114.18,1.44,1982.71,0.0,0.0,0.0,1982.71,1982.71
ID_000120,German_Native,Female,58,58.0,High (Tertiary),C1/C2,0.0,50700.31,0.0,44.88,12274.76,40497.16,0.0,0.0,52771.92,52771.92
ID_000121,General_Migrant,Male,40,10.5,Medium (Vocational),B2,0.04,67518.7,82.93,14.55,1436.61,0.0,0.0,0.0,1436.61,1436.61
ID_000122,Ukrainian_Refugee_2022plus,Male,43,3.5,High (Tertiary),B1,0.28,43122.28,93.01,2.53,1640.39,0.0,0.0,0.0,1640.39,1640.39
ID_000123,German_Native,Male,41,41.0,Medium (Vocational),C1/C2,0.0,34886.35,0.0,14.98,5910.42,0.0,0.0,0.0,5910.42,5910.42
ID_000124,German_Native,Female,68,68.0,Medium (Vocational),C1/C2,0.0,0.0,0.0,42.75,26109.84,0.0,539980.72,0.0,26109.84,566090.56
ID_000125,German_Native,Female,73,73.0,Low,C1/C2,0.0,0.0,0.0,44.74,1208.82,0.0,428201.68,0.0,1208.82,429410.5
ID_000126,German_Native,Female,59,59.0,Medium (Vocational),C1/C2,0.0,52968.51,0.0,49.41,3617.04,0.0,567664.76,17280.51,3617.04,554001.29
ID_000127,General_Refugee,Male,34,10.5,Low,B1,0.08,71649.85,56.0,14.75,2430.76,0.0,442666.96,469123.88,2430.76,-24026.16
ID_000128,General_Refugee,Female,36,11.4,Medium (Vocational),B2,0.08,41135.52,1.73,8.43,3824.24,6037.8,0.0,0.0,9862.04,9862.04
ID_000129,German_Native,Male,43,43.0,Medium (Vocational),C1/C2,0.0,37406.19,0.0,18.38,6513.1,0.0,0.0,1527.15,6513.1,4985.95
ID_000130,German_Native,Female,53,53.0,Medium (Vocational),C1/C2,0.0,65545.58,0.0,50.3,8973.58,0.0,316054.01,72461.69,8973.58,252565.9
ID_000131,German_Native,Male,52,52.0,Medium (Vocational),C1/C2,0.0,75841.28,0.0,50.99,20475.23,10952.27,0.0,101.7,31427.5,31325.8
ID_000132,German_Native,Male,65,65.0,Medium (Vocational),C1/C2,0.0,58785.11,0.0,46.02,3365.84,0.0,0.0,0.0,3365.84,3365.84
ID_000133,German_Native,Male,47,47.0,Medium (Vocational),C1/C2,0.0,38518.15,0.0,22.72,6901.4,0.0,399369.13,171722.0,6901.4,234548.53
ID_000134,German_Native,Male,36,36.0,Medium (Vocational),C1/C2,0.0,53319.52,0.0,15.78,3623.33,8056.39,0.0,0.0,11679.72,11679.72
ID_000135,Migrant_2ndGen,Female,25,25.0,High (Tertiary),C1/C2,0.02,37200.8,33.33,3.22,1077.26,0.0,0.0,0.0,1077.26,1077.26
ID_000136,German_Native,Female,44,44.0,Medium (Vocational),C1/C2,0.0,30441.67,0.0,16.11,1317.8,0.0,523574.08,256039.25,1317.8,268852.63
ID_000137,German_Native,Male,43,43.0,Medium (Vocational),C1/C2,0.0,53963.39,0.0,24.98,7573.89,0.0,354032.02,255008.33,7573.89,106597.58
ID_000138,General_Migrant,Female,53,14.8,Medium (Vocational),B2,0.04,50383.97,125.48,14.23,6826.5,8203.79,0.0,0.0,15030.29,15030.29
ID_000139,German_Native,Male,36,36.0,Medium (Vocational),C1/C2,0.0,40884.96,0.0,14.01,36991.36,0.0,0.0,0.0,36991.36,36991.36
ID_000140,Migrant_2ndGen,Male,34,34.0,Medium (Vocational),C1/C2,0.02,60984.34,43.9,15.09,4026.11,0.0,0.0,1711.32,4026.11,2314.79
ID_000141,Migrant_2ndGen,Male,38,38.0,Low,C1/C2,0.02,53289.75,23.35,18.66,12704.69,0.0,0.0,284.57,12704.69,12420.12
ID_000142,German_Native,Female,43,43.0,Medium (Vocational),C1/C2,0.0,69132.85,0.0,37.01,6322.23,0.0,0.0,0.0,6322.23,6322.23
ID_000143,German_Native,Female,53,53.0,High (Tertiary),C1/C2,0.0,32177.92,0.0,22.23,22764.96,862.85,616329.09,165048.16,23627.81,474908.74
ID_000144,German_Native,Male,55,55.0,High (Tertiary),C1/C2,0.0,91577.78,0.0,52.51,4205.22,10643.21,268062.39,41342.42,14848.43,241568.4
ID_000145,German_Native,Male,34,34.0,High (Tertiary),C1/C2,0.0,86539.06,0.0,24.48,4084.01,0.0,0.0,0.0,4084.01,4084.01
ID_000146,German_Native,Male,18,18.0,Medium (Vocational),C1/C2,0.0,47000.26,0.0,0.0,1940.49,0.0,0.0,0.0,1940.49,1940.49
ID_000147,German_Native,Female,67,67.0,Medium (Vocational),C1/C2,0.0,0.0,0.0,47.48,5918.99,0.0,0.0,1659.54,5918.99,4259.45
ID_000148,German_Native,Male,73,73.0,Medium (Vocational),C1/C2,0.0,0.0,0.0,38.31,6541.84,0.0,454283.22,0.0,6541.84,460825.06
ID_000149,German_Native,Male,56,56.0,High (Tertiary),C1/C2,0.0,112806.05,0.0,69.18,14207.14,0.0,355896.42,44821.56,14207.14,325282.0
ID_000150,German_Native,Female,53,53.0,High (Tertiary),C1/C2,0.0,73019.11,0.0,41.49,58271.59,7828.83,0.0,342.67,66100.42,65757.75
ID_000151,Ukrainian_Migrant_Pre2022,Female,32,14.4,Medium (Vocational),C1/C2,0.03,41189.09,50.46,11.91,1436.5,0.0,0.0,0.0,1436.5,1436.5
ID_000152,German_Native,Female,40,40.0,High (Tertiary),C1/C2,0.0,78159.01,0.0,29.52,13291.78,6455.83,0.0,0.0,19747.61,19747.61
ID_000153,German_Native,Male,59,59.0,Medium (Vocational),C1/C2,0.0,41093.88,0.0,35.11,10846.52,0.0,416224.57,17043.51,10846.52,410027.58
ID_000154,German_Native,Female,20,20.0,Medium (Vocational),C1/C2,0.0,23708.47,0.0,0.0,1751.53,0.0,0.0,0.0,1751.53,1751.53
ID_000155,Migrant_2ndGen,Male,37,37.0,High (Tertiary),C1/C2,0.02,80004.05,9.17,25.52,1566.55,0.0,0.0,353.88,1566.55,1212.67
ID_000156,German_Native,Male,41,41.0,Medium (Vocational),C1/C2,0.0,52244.7,0.0,19.58,2699.54,0.0,363169.46,231700.09,2699.54,134168.91
ID_000157,General_Migrant,Male,39,14.0,Medium (Vocational),B2,0.04,84676.26,6.92,21.54,2746.46,0.0,0.0,0.0,2746.46,2746.46
ID_000158,General_Migrant,Male,45,4.6,High (Tertiary),B2,0.04,46311.36,339.01,3.25,355.71,0.0,0.0,0.0,355.71,355.71
ID_000159,German_Native,Male,26,26.0,Medium (Vocational),C1/C2,0.0,106785.23,0.0,11.84,5783.25,0.0,0.0,297.31,5783.25,5485.94
ID_000160,General_Migrant,Male,35,7.2,High (Tertiary),B1,0.12,45352.81,172.26,6.64,26068.12,2190.73,0.0,0.0,28258.85,28258.85
ID_000161,German_Native,Male,64,64.0,Medium (Vocational),C1/C2,0.0,56058.79,0.0,51.04,23894.99,9414.26,490355.99,0.0,33309.25,523665.24
ID_000162,German_Native,Female,43,43.0,High (Tertiary),C1/C2,0.0,76989.31,0.0,41.29,6742.36,0.0,0.0,0.0,6742.36,6742.36
ID_000163,German_Native,Male,54,54.0,Low,C1/C2,0.0,103766.1,0.0,70.68,9132.79,0.0,0.0,0.0,9132.79,9132.79
ID_000164,German_Native,Female,70,70.0,Medium (Vocational),C1/C2,0.0,0.0,0.0,47.61,1875.07,19774.4,359186.22,0.0,21649.47,380835.69
ID_000165,German_Native,Female,26,26.0,Medium (Vocational),C1/C2,0.0,32304.36,0.0,9.18,8001.1,0.0,0.0,0.0,8001.1,8001.1
ID_000166,General_Refugee,Male,21,10.2,High (Tertiary),B2,0.08,76132.12,178.15,0.0,482.84,0.0,485145.97,759147.02,482.84,-273518.21
ID_000167,German_Native,Female,18,18.0,Medium (Vocational),C1/C2,0.0,16894.39,0.0,0.0,445.77,0.0,0.0,0.0,445.77,445.77
ID_000168,German_Native,Female,36,36.0,Low,C1/C2,0.0,42474.11,0.0,18.28,2318.75,35595.31,0.0,0.0,37914.06,37914.06
ID_000169,German_Native,Male,81,81.0,High (Tertiary),C1/C2,0.0,0.0,0.0,45.53,21710.84,17345.45,352208.68,0.0,39056.29,391264.97
ID_000170,German_Native,Female,71,71.0,High (Tertiary),C1/C2,0.0,0.0,0.0,51.48,1167.65,0.0,0.0,0.0,1167.65,1167.65
ID_000171,General_Migrant,Male,41,23.9,High (Tertiary),B1,0.12,79120.18,7.03,31.24,27961.46,0.0,393635.42,285214.33,27961.46,136382.55
ID_000172,German_Native,Female,33,33.0,Medium (Vocational),C1/C2,0.0,31392.52,0.0,8.1,1187.45,0.0,0.0,0.0,1187.45,1187.45
ID_000173,German_Native,Female,66,66.0,High (Tertiary),C1/C2,0.0,83820.3,0.0,86.3,40595.38,3240.99,474062.12,0.0,43836.37,517898.49
ID_000174,German_Native,Male,68,68.0,Medium (Vocational),C1/C2,0.0,0.0,0.0,46.55,17470.51,0.0,0.0,0.0,17470.51,17470.51
ID_000175,German_Native,Female,70,70.0,Medium (Vocational),C1/C2,0.0,0.0,0.0,47.65,5178.97,0.0,601257.76,0.0,5178.97,606436.73
ID_000176,German_Native,Female,66,66.0,Medium (Vocational),C1/C2,0.0,35343.41,0.0,33.35,1973.65,0.0,421176.98,0.0,1973.65,423150.63
ID_000177,General_Migrant,Female,46,32.1,Medium (Vocational),B1,0.04,58857.57,125.04,28.44,598.37,0.0,0.0,2451.71,598.37,-1853.34
ID_000178,German_Native,Female,52,52.0,Medium (Vocational),C1/C2,0.0,43627.78,0.0,27.3,5870.75,0.0,0.0,0.0,5870.75,5870.75
ID_000179,Migrant_2ndGen,Female,31,31.0,Medium (Vocational),C1/C2,0.02,44211.52,22.77,13.36,790.04,1714.04,226228.08,223266.79,2504.08,5465.37
ID_000180,German_Native,Male,43,43.0,High (Tertiary),C1/C2,0.0,74215.9,0.0,36.47,10214.84,0.0,0.0,1597.36,10214.84,8617.48
ID_000181,German_Native,Male,37,37.0,High (Tertiary),C1/C2,0.0,96458.94,0.0,28.55,4782.71,0.0,259368.71,254423.82,4782.71,9727.6
ID_000182,German_Native,Male,35,35.0,Medium (Vocational),C1/C2,0.0,52351.35,0.0,14.72,809.57,12550.67,0.0,0.0,13360.24,13360.24
ID_000183,Migrant_2ndGen,Male,37,37.0,Medium (Vocational),C1/C2,0.02,47339.46,29.48,16.58,2269.25,4591.49,0.0,1035.28,6860.74,5825.46
ID_000184,Ukrainian_Refugee_2022plus,Female,29,1.9,High (Tertiary),B1,0.28,18788.96,256.56,0.35,941.33,0.0,0.0,0.0,941.33,941.33
ID_000185,German_Native,Female,38,38.0,Medium (Vocational),C1/C2,0.0,52346.26,0.0,16.67,476.54,0.0,0.0,464.32,476.54,12.22
ID_000186,General_Migrant,Female,39,14.4,Medium (Vocational),C1/C2,0.04,75202.79,118.16,21.17,1307.05,0.0,0.0,0.0,1307.05,1307.05
ID_000187,General_Refugee,Male,23,10.1,Medium (Vocational),B1,0.08,46202.26,73.94,2.52,1590.93,0.0,262667.24,279668.89,1590.93,-15410.72
ID_000188,German_Native,Female,65,65.0,High (Tertiary),C1/C2,0.0,64798.46,0.0,58.36,10972.55,0.0,298500.46,0.0,10972.55,309473.01
ID_000189,German_Native,Female,33,33.0,Medium (Vocational),C1/C2,0.0,56271.43,0.0,14.28,888.69,0.0,0.0,0.0,888.69,888.69
ID_000190,German_Native,Male,55,55.0,Medium (Vocational),C1/C2,0.0,98290.4,0.0,74.01,32417.78,0.0,510236.98,77233.51,32417.78,465421.25
ID_000191,German_Native,Female,35,35.0,Medium (Vocational),C1/C2,0.0,45964.55,0.0,13.46,15393.58,0.0,0.0,0.0,15393.58,15393.58
ID_000192,Ukrainian_Refugee_2022plus,Female,47,1.0,High (Tertiary),A1/A2,0.28,12983.27,574.26,0.0,1138.78,0.0,0.0,1920.32,1138.78,-781.54
ID_000193,Ukrainian_Migrant_Pre2022,Male,53,5.3,High (Tertiary),B2,0.03,53587.94,118.94,5.2,2837.72,2057.65,0.0,0.0,4895.37,4895.37
ID_000194,German_Native,Male,50,50.0,High (Tertiary),C1/C2,0.0,62257.76,0.0,39.69,10664.42,0.0,399432.21,164306.05,10664.42,245790.58
ID_000195,German_Native,Male,31,31.0,Medium (Vocational),C1/C2,0.0,42308.02,0.0,8.82,4372.86,6327.3,0.0,0.0,10700.16,10700.16
ID_000196,German_Native,Male,39,39.0,High (Tertiary),C1/C2,0.0,43575.98,0.0,14.96,5400.69,0.0,0.0,0.0,5400.69,5400.69
ID_000197,General_Migrant,Male,58,9.1,Medium (Vocational),A1/A2,0.04,49591.33,135.81,9.3,11253.26,2076.82,0.0,0.0,13330.08,13330.08
ID_000198,Ukrainian_Refugee_2022plus,Male,49,2.7,Medium (Vocational),B1,0.1,33654.18,190.38,1.44,569.41,0.0,0.0,0.0,569.41,569.41
ID_000199,Ukrainian_Refugee_2022plus,Male,21,2.9,Medium (Vocational),C1/C2,0.1,28846.2,10.87,0.0,100.0,0.0,0.0,0.0,100.0,100.0
ID_000200,General_Migrant,Male,36,20.0,Low,C1/C2,0.04,31296.02,183.58,8.5,1255.98,97467.61,0.0,0.0,98723.59,98723.59
ID_000201,German_Native,Male,30,30.0,Low,C1/C2,0.0,59219.63,0.0,12.93,4155.77,0.0,0.0,0.0,4155.77,4155.77
ID_000202,German_Native,Female,63,63.0,Medium (Vocational),C1/C2,0.0,73028.87,0.0,68.16,1712.89,4495.58,515218.81,0.0,6208.47,521427.28
ID_000203,German_Native,Male,34,34.0,Low,C1/C2,0.0,54678.26,0.0,16.08,9163.37,1942.44,0.0,1013.87,11105.81,10091.94
ID_000204,Ukrainian_Refugee_2022plus,Male,40,0.8,High (Tertiary),B1,0.28,23425.55,44.52,0.0,123.98,0.0,0.0,0.0,123.98,123.98
ID_000205,German_Native,Male,36,36.0,High (Tertiary),C1/C2,0.0,76301.28,0.0,24.24,3745.61,4790.94,0.0,0.0,8536.55,8536.55
ID_000206,German_Native,Female,49,49.0,High (Tertiary),C1/C2,0.0,148042.45,0.0,54.43,24190.75,0.0,335800.27,159975.68,24190.75,200015.34
ID_000207,German_Native,Female,43,43.0,Medium (Vocational),C1/C2,0.0,54812.02,0.0,24.94,3758.64,0.0,0.0,69.61,3758.64,3689.03
ID_000208,General_Migrant,Female,39,3.7,Medium (Vocational),B2,0.04,45222.17,146.58,2.78,323.51,2513.33,0.0,4419.17,2836.84,-1582.33
ID_000209,German_Native,Male,71,71.0,Low,C1/C2,0.0,0.0,0.0,48.76,73663.36,0.0,410712.41,0.0,73663.36,484375.77
ID_000210,German_Native,Male,28,28.0,High (Tertiary),C1/C2,0.0,112512.66,0.0,16.2,765.76,0.0,0.0,0.0,765.76,765.76
ID_000211,German_Native,Female,18,18.0,High (Tertiary),C1/C2,0.0,42165.8,0.0,0.0,5164.14,0.0,280155.69,438490.42,5164.14,-153170.59
ID_000212,General_Migrant,Male,25,30.2,High (Tertiary),B2,0.04,34543.17,42.69,3.44,2820.79,0.0,0.0,0.0,2820.79,2820.79
ID_000213,General_Migrant,Male,51,1.4,Medium (Vocational),B2,0.04,35691.64,11.44,0.68,1135.58,0.0,388147.51,129538.39,1135.58,259744.7
ID_000214,German_Native,Female,48,48.0,Medium (Vocational),C1/C2,0.0,41496.29,0.0,26.69,7896.34,0.0,0.0,0.0,7896.34,7896.34
ID_000215,General_Migrant,Male,65,7.0,Medium (Vocational),C1/C2,0.04,38628.52,14.52,5.53,3467.03,0.0,0.0,185.97,3467.03,3281.06
ID_000216,German_Native,Female,40,40.0,High (Tertiary),C1/C2,0.0,50363.53,0.0,18.22,9533.12,0.0,417307.44,295520.51,9533.12,131320.05
ID_000217,German_Native,Female,18,18.0,High (Tertiary),C1/C2,0.0,38604.58,0.0,0.0,225.4,500.0,0.0,0.0,725.4,725.4
ID_000218,General_Migrant,Female,36,33.3,Low,B2,0.04,29974.34,347.62,13.31,5067.73,13690.19,0.0,0.0,18757.92,18757.92
ID_000219,German_Native,Male,65,65.0,High (Tertiary),C1/C2,0.0,86452.5,0.0,65.23,52446.67,26015.38,257904.32,0.0,78462.05,336366.37
ID_000220,General_Refugee,Male,30,11.2,Medium (Vocational),B1,0.08,36373.06,293.78,6.48,180.71,0.0,0.0,2339.35,180.71,-2158.64
ID_000221,General_Migrant,Female,55,19.2,Medium (Vocational),B2,0.04,30355.22,134.89,18.4,10088.45,0.0,0.0,0.0,10088.45,10088.45
ID_000222,German_Native,Female,44,44.0,High (Tertiary),C1/C2,0.0,65175.07,0.0,30.89,18360.05,8041.24,388097.99,210221.63,26401.29,204277.65
ID_000223,German_Native,Male,33,33.0,Medium (Vocational),C1/C2,0.0,31920.09,0.0,7.3,3205.95,3264.33,0.0,0.0,6470.28,6470.28
ID_000224,German_Native,Female,18,18.0,High (Tertiary),C1/C2,0.0,44812.89,0.0,0.0,1105.43,0.0,446866.69,707203.23,1105.43,-259231.11
ID_000225,German_Native,Female,53,53.0,Medium (Vocational),C1/C2,0.0,91157.9,0.0,68.99,6846.72,0.0,360370.08,85870.32,6846.72,281346.48
ID_000226,German_Native,Male,53,53.0,High (Tertiary),C1/C2,0.0,125673.94,0.0,59.73,10701.82,0.0,0.0,0.0,10701.82,10701.82
ID_000227,Migrant_2ndGen,Male,29,29.0,High (Tertiary),C1/C2,0.02,80852.0,25.64,15.78,15048.55,0.0,0.0,366.4,15048.55,14682.15
ID_000228,German_Native,Male,47,47.0,Medium (Vocational),C1/C2,0.0,62528.85,0.0,32.01,8284.51,0.0,0.0,0.0,8284.51,8284.51
ID_000229,Ukrainian_Refugee_2022plus,Female,51,2.7,High (Tertiary),C1/C2,0.1,23085.31,272.21,0.84,609.32,0.0,0.0,681.64,609.32,-72.32
ID_000230,German_Native,Male,71,71.0,High (Tertiary),C1/C2,0.0,0.0,0.0,45.76,4316.68,0.0,0.0,3105.9,4316.68,1210.78
ID_000231,General_Migrant,Female,55,22.2,Medium (Vocational),B2,0.04,59904.92,8.51,27.01,29887.03,8510.2,0.0,0.0,38397.23,38397.23
ID_000232,German_Native,Female,64,64.0,High (Tertiary),C1/C2,0.0,56496.24,0.0,53.57,7134.61,0.0,0.0,4849.47,7134.61,2285.14
ID_000233,German_Native,Male,67,67.0,Medium (Vocational),C1/C2,0.0,0.0,0.0,38.0,3094.58,35349.62,0.0,2106.68,38444.2,36337.52
ID_000234,German_Native,Male,36,36.0,High (Tertiary),C1/C2,0.0,120785.1,0.0,26.96,2290.87,0.0,0.0,0.0,2290.87,2290.87
ID_000235,German_Native,Female,66,66.0,High (Tertiary),C1/C2,0.0,46301.72,0.0,37.56,3661.26,0.0,355806.03,0.0,3661.26,359467.29
ID_000236,General_Migrant,Female,33,25.4,Medium (Vocational),B1,0.04,57206.07,39.42,19.09,4301.18,0.0,0.0,0.0,4301.18,4301.18
ID_000237,German_Native,Female,70,70.0,High (Tertiary),C1/C2,0.0,0.0,0.0,47.18,8425.52,0.0,0.0,0.0,8425.52,8425.52
ID_000238,German_Native,Male,34,34.0,Medium (Vocational),C1/C2,0.0,63653.69,0.0,18.56,936.35,0.0,0.0,335.75,936.35,600.6
ID_000239,German_Native,Female,43,43.0,Medium (Vocational),C1/C2,0.0,81989.46,0.0,39.88,2495.66,0.0,216272.46,161703.16,2495.66,57064.96
ID_000240,German_Native,Male,77,77.0,Medium (Vocational),C1/C2,0.0,0.0,0.0,44.69,91745.4,0.0,233583.31,0.0,91745.4,325328.71
ID_000241,Migrant_2ndGen,Female,26,26.0,Medium (Vocational),C1/C2,0.02,32138.16,4.62,6.97,1008.08,3177.42,0.0,0.0,4185.5,4185.5
ID_000242,Migrant_2ndGen,Male,27,27.0,Medium (Vocational),C1/C2,0.02,25635.43,33.07,3.07,6443.77,0.0,0.0,1707.33,6443.77,4736.44
ID_000243,Ukrainian_Migrant_Pre2022,Female,33,9.0,High (Tertiary),B2,0.03,36703.3,76.74,8.58,11391.43,0.0,382495.51,377979.89,11391.43,15907.05
ID_000244,German_Native,Male,28,28.0,Medium (Vocational),C1/C2,0.0,65822.12,0.0,10.45,2328.48,0.0,0.0,1904.28,2328.48,424.2
ID_000245,German_Native,Female,59,59.0,Medium (Vocational),C1/C2,0.0,80620.98,0.0,55.18,2007.59,26225.37,569843.02,19691.38,28232.96,578384.6
ID_000246,Migrant_2ndGen,Female,27,27.0,Medium (Vocational),C1/C2,0.02,24652.4,4.15,6.74,11582.06,0.0,0.0,0.0,11582.06,11582.06
ID_000247,German_Native,Male,19,19.0,Medium (Vocational),C1/C2,0.0,34523.23,0.0,0.0,217.93,0.0,537296.97,967861.54,217.93,-430346.64
ID_000248,Migrant_2ndGen,Male,18,18.0,High (Tertiary),C1/C2,0.02,58866.44,13.39,0.0,719.83,0.0,0.0,1688.86,719.83,-969.03
ID_000249,Migrant_2ndGen,Male,31,31.0,High (Tertiary),C1/C2,0.02,116382.75,8.37,24.06,11970.4,0.0,0.0,3334.57,11970.4,8635.83
ID_000250,General_Refugee,Female,34,8.3,High (Tertiary),B2,0.08,73225.03,142.04,12.0,4495.53,0.0,0.0,455.61,4495.53,4039.92
ID_000251,German_Native,Female,58,58.0,Medium (Vocational),C1/C2,0.0,69001.9,0.0,50.27,5940.32,0.0,377250.89,22881.2,5940.32,360310.01
ID_000252,German_Native,Female,46,46.0,Medium (Vocational),C1/C2,0.0,50568.93,0.0,27.5,10567.12,6874.52,0.0,1288.3,17441.64,16153.34
ID_000253,General_Refugee,Female,48,8.8,Low,B2,0.08,43700.49,15.67,5.75,1914.83,0.0,0.0,0.0,1914.83,1914.83
ID_000254,German_Native,Male,57,57.0,High (Tertiary),C1/C2,0.0,83618.48,0.0,57.72,2757.54,0.0,466577.52,50427.12,2757.54,418907.94
ID_000255,German_Native,Female,46,46.0,Medium (Vocational),C1/C2,0.0,41848.58,0.0,24.5,28898.57,0.0,0.0,0.0,28898.57,28898.57
ID_000256,German_Native,Male,56,56.0,Medium (Vocational),C1/C2,0.0,65946.71,0.0,43.08,6480.78,0.0,411097.94,72344.02,6480.78,345234.7
ID_000257,Migrant_2ndGen,Male,41,41.0,Medium (Vocational),C1/C2,0.02,79164.77,37.58,31.73,3671.15,0.0,0.0,729.24,3671.15,2941.91
ID_000258,General_Migrant,Male,35,25.8,Medium (Vocational),B1,0.04,130944.01,220.88,29.75,3987.83,0.0,0.0,251.5,3987.83,3736.33
ID_000259,German_Native,Male,32,32.0,Medium (Vocational),C1/C2,0.0,67687.99,0.0,15.18,8230.06,3917.71,0.0,0.0,12147.77,12147.77
ID_000260,German_Native,Female,38,38.0,Medium (Vocational),C1/C2,0.0,43684.98,0.0,15.59,3241.58,0.0,0.0,0.0,3241.58,3241.58
ID_000261,German_Native,Male,61,61.0,Medium (Vocational),C1/C2,0.0,51004.66,0.0,37.48,2979.45,0.0,0.0,1717.22,2979.45,1262.23
ID_000262,Migrant_2ndGen,Female,44,44.0,Medium (Vocational),C1/C2,0.02,69440.75,77.81,40.54,48889.26,0.0,0.0,0.0,48889.26,48889.26
ID_000263,German_Native,Male,52,52.0,High (Tertiary),C1/C2,0.0,43990.35,0.0,27.24,8156.08,0.0,308169.66,103619.45,8156.08,212706.29
ID_000264,German_Native,Female,27,27.0,Medium (Vocational),C1/C2,0.0,30487.33,0.0,4.69,322.7,8420.78,0.0,0.0,8743.48,8743.48
ID_000265,Ukrainian_Refugee_2022plus,Female,36,1.3,High (Tertiary),B1,0.28,35422.84,197.75,0.76,100.0,0.0,0.0,0.0,100.0,100.0
ID_000266,General_Migrant,Male,41,28.7,High (Tertiary),B2,0.04,63488.96,46.62,25.78,4089.88,33104.89,0.0,0.0,37194.77,37194.77
ID_000267,General_Migrant,Female,37,18.1,Medium (Vocational),B2,0.04,56986.18,159.06,22.76,1665.61,0.0,0.0,0.0,1665.61,1665.61
ID_000268,General_Migrant,Male,50,18.1,High (Tertiary),C1/C2,0.04,46265.19,64.81,16.52,7173.25,18451.32,0.0,0.0,25624.57,25624.57
ID_000269,German_Native,Female,25,25.0,Low,C1/C2,0.0,24342.8,0.0,5.39,911.66,0.0,0.0,0.0,911.66,911.66
ID_000270,German_Native,Female,51,51.0,High (Tertiary),C1/C2,0.0,62223.49,0.0,32.78,9111.46,0.0,454388.98,161190.23,9111.46,302310.21
ID_000271,General_Migrant,Female,44,9.8,Low,A1/A2,0.04,28437.61,23.14,4.93,2304.26,0.0,0.0,0.0,2304.26,2304.26
ID_000272,General_Refugee,Male,18,11.3,High (Tertiary),B1,0.22,24565.78,149.61,0.0,100.0,0.0,0.0,0.0,100.0,100.0
ID_000273,General_Refugee,Female,34,8.3,High (Tertiary),A1/A2,0.22,29938.33,324.74,3.99,232.35,0.0,0.0,0.0,232.35,232.35
ID_000274,Ukrainian_Migrant_Pre2022,Male,40,20.5,High (Tertiary),A1/A2,0.08,63555.61,213.16,24.15,6223.4,701.75,0.0,1189.4,6925.15,5735.75
ID_000275,German_Native,Female,42,42.0,High (Tertiary),C1/C2,0.0,76341.27,0.0,38.41,4426.56,15081.5,313794.51,194911.43,19508.06,138391.14
ID_000276,German_Native,Female,50,50.0,High (Tertiary),C1/C2,0.0,72279.31,0.0,44.23,2749.91,0.0,428100.33,142913.33,2749.91,287936.91
ID_000277,General_Migrant,Female,49,17.9,High (Tertiary),B2,0.04,39237.01,172.9,14.73,10363.17,0.0,0.0,0.0,10363.17,10363.17
ID_000278,German_Native,Male,64,64.0,Medium (Vocational),C1/C2,0.0,86413.2,0.0,72.46,3067.42,0.0,0.0,0.0,3067.42,3067.42
ID_000279,General_Migrant,Male,41,2.2,High (Tertiary),C1/C2,0.04,59943.99,227.03,2.07,1071.99,0.0,0.0,0.0,1071.99,1071.99
ID_000280,General_Migrant,Male,57,7.4,High (Tertiary),C1/C2,0.04,98176.86,72.51,15.17,3465.06,3258.74,0.0,0.0,6723.8,6723.8
ID_000281,Ukrainian_Refugee_2022plus,Male,30,1.3,High (Tertiary),A1/A2,0.28,37653.16,63.91,0.79,100.0,0.0,0.0,0.0,100.0,100.0
ID_000282,German_Native,Female,49,49.0,Medium (Vocational),C1/C2,0.0,39554.4,0.0,20.58,10591.95,1602.39,295176.09,94313.15,12194.34,213057.28
ID_000283,German_Native,Male,71,71.0,Low,C1/C2,0.0,0.0,0.0,40.24,4412.71,0.0,321497.85,0.0,4412.71,325910.56
ID_000284,German_Native,Female,18,18.0,High (Tertiary),C1/C2,0.0,22785.18,0.0,0.0,335.75,1185.26,0.0,0.0,1521.01,1521.01
ID_000285,German_Native,Male,55,55.0,High (Tertiary),C1/C2,0.0,119000.49,0.0,77.93,3725.56,0.0,290186.29,49937.29,3725.56,243974.56
ID_000286,German_Native,Female,23,23.0,Medium (Vocational),C1/C2,0.0,50687.86,0.0,6.2,1223.51,0.0,0.0,3015.62,1223.51,-1792.11
ID_000287,German_Native,Male,46,46.0,Medium (Vocational),C1/C2,0.0,98789.2,0.0,47.48,1980.9,0.0,289332.24,173939.33,1980.9,117373.81
ID_000288,German_Native,Female,18,18.0,Medium (Vocational),C1/C2,0.0,23111.44,0.0,0.0,100.0,0.0,0.0,0.0,100.0,100.0
ID_000289,German_Native,Female,55,55.0,Medium (Vocational),C1/C2,0.0,97869.21,0.0,57.1,25883.8,0.0,264925.64,49366.07,25883.8,241443.37
ID_000290,German_Native,Male,60,60.0,High (Tertiary),C1/C2,0.0,86311.15,0.0,58.5,28845.61,20778.48,307750.3,0.0,49624.09,357374.39
ID_000291,German_Native,Male,66,66.0,Medium (Vocational),C1/C2,0.0,55163.42,0.0,44.74,5498.63,0.0,0.0,0.0,5498.63,5498.63
ID_000292,German_Native,Male,68,68.0,Low,C1/C2,0.0,0.0,0.0,41.36,30740.67,0.0,351106.67,0.0,30740.67,381847.34
ID_000293,General_Refugee,Male,22,10.4,Medium (Vocational),C1/C2,0.08,92756.07,568.39,3.47,1281.53,0.0,0.0,1319.45,1281.53,-37.92
ID_000294,German_Native,Male,32,32.0,Medium (Vocational),C1/C2,0.0,63577.21,0.0,14.13,5107.83,29367.58,0.0,0.0,34475.41,34475.41
ID_000295,German_Native,Male,33,33.0,Medium (Vocational),C1/C2,0.0,51189.09,0.0,11.37,12212.45,0.0,0.0,0.0,12212.45,12212.45
ID_000296,German_Native,Female,64,64.0,Low,C1/C2,0.0,53381.44,0.0,43.51,21263.55,0.0,0.0,0.0,21263.55,21263.55
ID_000297,General_Migrant,Female,47,24.5,Medium (Vocational),B2,0.04,47535.44,32.49,25.16,16221.31,0.0,308819.38,125350.57,16221.31,199690.12
ID_000298,German_Native,Male,43,43.0,High (Tertiary),C1/C2,0.0,99233.81,0.0,39.94,1135.87,12044.93,0.0,0.0,13180.8,13180.8
ID_000299,German_Native,Female,40,40.0,Medium (Vocational),C1/C2,0.0,75305.75,0.0,29.72,2203.61,7113.83,206694.04,120540.71,9317.44,95470.77
ID_000300,German_Native,Male,39,39.0,Medium (Vocational),C1/C2,0.0,65472.6,0.0,21.22,3720.35,0.0,0.0,4565.03,3720.35,-844.68
ID_000301,German_Native,Female,18,18.0,Medium (Vocational),C1/C2,0.0,20119.65,0.0,0.0,1136.0,0.0,0.0,0.0,1136.0,1136.0
ID_000302,German_Native,Male,66,66.0,Medium (Vocational),C1/C2,0.0,52573.7,0.0,40.02,6803.21,12083.81,337078.3,0.0,18887.02,355965.32
ID_000303,German_Native,Male,73,73.0,Medium (Vocational),C1/C2,0.0,0.0,0.0,42.14,11693.0,0.0,0.0,0.0,11693.0,11693.0
ID_000304,German_Native,Female,36,36.0,High (Tertiary),C1/C2,0.0,91167.34,0.0,26.81,2200.13,1813.24,0.0,0.0,4013.37,4013.37
ID_000305,General_Migrant,Male,35,2.5,Medium (Vocational),B2,0.04,56940.66,41.5,2.5,315.59,0.0,0.0,0.0,315.59,315.59
ID_000306,Migrant_2ndGen,Female,42,42.0,Medium (Vocational),C1/C2,0.02,29660.46,40.98,11.67,2854.28,0.0,0.0,0.0,2854.28,2854.28
ID_000307,German_Native,Male,35,35.0,Medium (Vocational),C1/C2,0.0,74970.99,0.0,19.09,4510.66,2232.09,0.0,0.0,6742.75,6742.75
ID_000308,German_Native,Male,52,52.0,Medium (Vocational),C1/C2,0.0,64836.63,0.0,41.03,33597.74,2172.95,588481.9,160805.01,35770.69,463447.58
ID_000309,General_Migrant,Male,49,17.9,Medium (Vocational),A1/A2,0.04,39576.37,50.36,12.89,5501.24,0.0,0.0,0.0,5501.24,5501.24
ID_000310,German_Native,Female,81,81.0,Medium (Vocational),C1/C2,0.0,0.0,0.0,48.86,3431.74,0.0,351975.41,0.0,3431.74,355407.15
ID_000311,German_Native,Female,27,27.0,Medium (Vocational),C1/C2,0.0,24744.05,0.0,3.4,2174.23,7734.49,0.0,1390.89,9908.72,8517.83
ID_000312,German_Native,Male,50,50.0,Medium (Vocational),C1/C2,0.0,75591.91,0.0,37.27,2105.45,0.0,528093.11,193100.07,2105.45,337098.49
ID_000313,German_Native,Male,84,84.0,High (Tertiary),C1/C2,0.0,0.0,0.0,54.2,3465.62,0.0,0.0,2052.82,3465.62,1412.8
ID_000314,Migrant_2ndGen,Male,41,41.0,High (Tertiary),C1/C2,0.02,71608.15,41.0,32.54,5319.24,0.0,0.0,0.0,5319.24,5319.24
ID_000315,General_Refugee,Male,32,10.0,Medium (Vocational),B2,0.08,32178.45,29.86,5.33,327.34,0.0,0.0,3118.92,327.34,-2791.58
ID_000316,General_Migrant,Female,36,18.8,Low,B2,0.04,40122.36,192.98,19.36,2632.04,0.0,0.0,0.0,2632.04,2632.04
ID_000317,German_Native,Female,31,31.0,Medium (Vocational),C1/C2,0.0,37080.57,0.0,11.27,1148.79,0.0,0.0,0.0,1148.79,1148.79
ID_000318,German_Native,Female,31,31.0,Medium (Vocational),C1/C2,0.0,75167.42,0.0,19.56,2141.58,0.0,0.0,0.0,2141.58,2141.58
ID_000319,German_Native,Male,18,18.0,Medium (Vocational),C1/C2,0.0,26034.96,0.0,0.0,362.87,0.0,0.0,0.0,362.87,362.87
ID_000320,German_Native,Female,41,41.0,Medium (Vocational),C1/C2,0.0,61652.64,0.0,31.47,2168.26,0.0,278546.89,178999.23,2168.26,101715.92
ID_000321,German_Native,Female,55,55.0,Medium (Vocational),C1/C2,0.0,50516.51,0.0,38.04,72350.31,0.0,229297.88,32920.05,72350.31,268728.14
ID_000322,General_Migrant,Male,39,1.8,Medium (Vocational),A1/A2,0.04,58569.91,48.91,1.01,117.56,0.0,0.0,5634.1,117.56,-5516.54
ID_000323,General_Migrant,Male,27,10.7,High (Tertiary),B2,0.04,46155.56,87.09,6.67,13339.5,0.0,0.0,0.0,13339.5,13339.5
ID_000324,German_Native,Female,49,49.0,Medium (Vocational),C1/C2,0.0,63817.83,0.0,42.73,28100.07,0.0,362196.89,116736.48,28100.07,273560.48
ID_000325,Migrant_2ndGen,Male,18,18.0,Low,C1/C2,0.02,51536.13,19.61,0.0,199.59,0.0,0.0,2230.46,199.59,-2030.87
ID_000326,General_Migrant,Male,36,30.3,High (Tertiary),C1/C2,0.04,48495.28,82.46,12.88,749.27,0.0,0.0,3833.16,749.27,-3083.89
ID_000327,German_Native,Male,76,76.0,High (Tertiary),C1/C2,0.0,0.0,0.0,43.21,3094.25,0.0,0.0,0.0,3094.25,3094.25
ID_000328,German_Native,Female,59,59.0,High (Tertiary),C1/C2,0.0,89590.93,0.0,61.02,9335.4,76068.91,0.0,0.0,85404.31,85404.31
ID_000329,German_Native,Female,61,61.0,High (Tertiary),C1/C2,0.0,39041.95,0.0,34.17,883.63,0.0,608592.78,0.0,883.63,609476.41
ID_000330,German_Native,Male,20,20.0,High (Tertiary),C1/C2,0.0,51060.49,0.0,0.0,232.36,0.0,0.0,1011.9,232.36,-779.54
ID_000331,German_Native,Female,54,54.0,High (Tertiary),C1/C2,0.0,68549.92,0.0,39.93,14057.25,0.0,272197.24,52059.0,14057.25,234195.49
ID_000332,General_Migrant,Male,18,25.7,Medium (Vocational),B2,0.04,40473.52,76.0,0.0,459.46,5650.09,0.0,1250.11,6109.55,4859.44
ID_000333,German_Native,Male,49,49.0,Medium (Vocational),C1/C2,0.0,55391.07,0.0,28.38,13484.17,53819.13,0.0,3692.74,67303.3,63610.56
ID_000334,German_Native,Female,60,60.0,Low,C1/C2,0.0,72956.35,0.0,52.29,20260.06,0.0,0.0,4370.02,20260.06,15890.04
ID_000335,German_Native,Female,51,51.0,Medium (Vocational),C1/C2,0.0,57147.68,0.0,34.4,2743.41,12751.11,359130.05,139136.42,15494.52,235488.15
ID_000336,German_Native,Male,56,56.0,Medium (Vocational),C1/C2,0.0,69300.43,0.0,45.35,1399.44,0.0,500437.96,67095.17,1399.44,434742.23
ID_000337,General_Refugee,Female,35,8.0,Medium (Vocational),C1/C2,0.08,47320.79,337.61,6.45,4815.61,0.0,0.0,1142.9,4815.61,3672.71
ID_000338,General_Migrant,Female,28,28.6,High (Tertiary),B2,0.04,84610.39,44.27,13.2,1512.4,0.0,0.0,0.0,1512.4,1512.4
ID_000339,German_Native,Female,66,66.0,Medium (Vocational),C1/C2,0.0,62415.43,0.0,63.19,7726.12,0.0,407191.56,0.0,7726.12,414917.68
ID_000340,German_Native,Female,60,60.0,Medium (Vocational),C1/C2,0.0,36478.88,0.0,31.54,20193.3,0.0,0.0,0.0,20193.3,20193.3
ID_000341,German_Native,Female,47,47.0,High (Tertiary),C1/C2,0.0,57247.53,0.0,28.03,5857.36,0.0,0.0,0.0,5857.36,5857.36
ID_000342,German_Native,Female,36,36.0,Medium (Vocational),C1/C2,0.0,55676.1,0.0,19.61,11096.77,0.0,0.0,0.0,11096.77,11096.77
ID_000343,German_Native,Male,78,78.0,Low,C1/C2,0.0,0.0,0.0,52.69,2798.45,0.0,279351.0,0.0,2798.45,282149.45
ID_000344,German_Native,Male,71,71.0,Low,C1/C2,0.0,0.0,0.0,49.37,16218.23,0.0,0.0,0.0,16218.23,16218.23
ID_000345,German_Native,Male,55,55.0,Low,C1/C2,0.0,70198.39,0.0,42.09,22133.75,0.0,528528.32,108929.79,22133.75,441732.28
ID_000346,German_Native,Male,61,61.0,Medium (Vocational),C1/C2,0.0,105680.39,0.0,85.94,7467.68,0.0,402864.99,0.0,7467.68,410332.67
ID_000347,German_Native,Male,70,70.0,Medium (Vocational),C1/C2,0.0,0.0,0.0,39.52,7225.36,0.0,0.0,0.0,7225.36,7225.36
ID_000348,German_Native,Female,44,44.0,High (Tertiary),C1/C2,0.0,69192.63,0.0,33.88,14640.04,2311.01,0.0,0.0,16951.05,16951.05
ID_000349,German_Native,Male,60,60.0,Medium (Vocational),C1/C2,0.0,50241.77,0.0,42.33,5656.78,0.0,0.0,5801.08,5656.78,-144.3
ID_000350,German_Native,Female,48,48.0,High (Tertiary),C1/C2,0.0,63957.0,0.0,36.98,13567.09,0.0,393179.04,175830.66,13567.09,230915.47
ID_000351,German_Native,Female,18,18.0,Medium (Vocational),C1/C2,0.0,25861.67,0.0,0.0,7842.78,0.0,0.0,2334.46,7842.78,5508.32
ID_000352,General_Refugee,Male,29,9.3,High (Tertiary),B1,0.22,29610.96,0.64,4.9,470.91,0.0,0.0,1724.86,470.91,-1253.95
ID_000353,General_Migrant,Male,50,7.5,High (Tertiary),A1/A2,0.12,33359.5,135.87,4.91,1046.12,1271.0,281359.03,79298.04,2317.12,204378.11
ID_000354,German_Native,Female,42,42.0,Medium (Vocational),C1/C2,0.0,76812.2,0.0,35.77,4243.46,66476.98,413733.77,256744.54,70720.44,227709.67
ID_000355,German_Native,Male,56,56.0,High (Tertiary),C1/C2,0.0,160000.0,0.0,74.31,11181.4,0.0,391533.47,45831.85,11181.4,356883.02
ID_000356,German_Native,Male,59,59.0,Medium (Vocational),C1/C2,0.0,62163.36,0.0,48.46,53168.58,0.0,355345.93,10215.7,53168.58,398298.81
ID_000357,German_Native,Female,54,54.0,Low,C1/C2,0.0,61788.25,0.0,47.95,13254.27,0.0,448303.24,106930.34,13254.27,354627.17
ID_000358,German_Native,Male,23,23.0,Medium (Vocational),C1/C2,0.0,40997.61,0.0,2.71,1867.26,0.0,0.0,877.18,1867.26,990.08
ID_000359,Migrant_2ndGen,Male,20,20.0,Medium (Vocational),C1/C2,0.02,64473.71,27.18,0.0,2389.66,0.0,0.0,6.86,2389.66,2382.8
ID_000360,German_Native,Female,35,35.0,Medium (Vocational),C1/C2,0.0,92499.5,0.0,30.94,7891.94,0.0,0.0,0.0,7891.94,7891.94
ID_000361,German_Native,Female,42,42.0,Medium (Vocational),C1/C2,0.0,32663.67,0.0,15.21,2947.07,1416.73,289540.14,179004.66,4363.8,114899.28
ID_000362,German_Native,Female,34,34.0,High (Tertiary),C1/C2,0.0,95955.64,0.0,28.33,29739.23,2229.32,405472.41,325988.4,31968.55,111452.56
ID_000363,German_Native,Male,39,39.0,High (Tertiary),C1/C2,0.0,56677.3,0.0,22.31,2085.57,0.0,0.0,332.39,2085.57,1753.18
ID_000364,German_Native,Male,50,50.0,Medium (Vocational),C1/C2,0.0,114378.39,0.0,55.13,3031.12,0.0,168906.32,59020.42,3031.12,112917.02
ID_000365,Migrant_2ndGen,Male,22,22.0,High (Tertiary),C1/C2,0.02,39133.41,2.45,1.4,525.46,500.0,0.0,0.0,1025.46,1025.46
ID_000366,German_Native,Male,36,36.0,Medium (Vocational),C1/C2,0.0,55779.34,0.0,18.98,6623.6,0.0,0.0,0.0,6623.6,6623.6
ID_000367,Migrant_2ndGen,Male,33,33.0,Medium (Vocational),C1/C2,0.02,37104.0,8.86,8.59,977.33,0.0,0.0,0.0,977.33,977.33
ID_000368,Ukrainian_Migrant_Pre2022,Female,52,19.6,High (Tertiary),C1/C2,0.03,117274.86,172.14,41.51,20347.43,5733.12,565209.57,162235.07,26080.55,429055.05
ID_000369,German_Native,Female,55,55.0,Medium (Vocational),C1/C2,0.0,130208.3,0.0,70.49,13436.25,0.0,419909.42,85844.55,13436.25,347501.12
ID_000370,German_Native,Female,45,45.0,Medium (Vocational),C1/C2,0.0,56487.87,0.0,32.82,70188.16,0.0,241139.86,105134.92,70188.16,206193.1
ID_000371,German_Native,Female,60,60.0,High (Tertiary),C1/C2,0.0,61044.33,0.0,50.34,895.65,0.0,0.0,0.0,895.65,895.65
ID_000372,German_Native,Female,57,57.0,High (Tertiary),C1/C2,0.0,105332.81,0.0,75.76,4668.88,5009.48,0.0,24.78,9678.36,9653.58
ID_000373,German_Native,Female,18,18.0,Medium (Vocational),C1/C2,0.0,28994.22,0.0,0.0,100.0,0.0,0.0,0.0,100.0,100.0
ID_000374,General_Migrant,Female,42,10.7,Medium (Vocational),C1/C2,0.04,54254.01,74.47,17.68,942.38,0.0,148274.69,94611.18,942.38,54605.89
ID_000375,German_Native,Male,52,52.0,Medium (Vocational),C1/C2,0.0,46864.75,0.0,31.12,2132.03,0.0,456560.84,156101.09,2132.03,302591.78
ID_000376,German_Native,Female,45,45.0,Medium (Vocational),C1/C2,0.0,63272.65,0.0,36.1,2213.51,2929.65,0.0,0.0,5143.16,5143.16
ID_000377,General_Refugee,Male,30,9.9,Medium (Vocational),C1/C2,0.08,24170.09,202.22,3.7,385.07,0.0,0.0,0.0,385.07,385.07
ID_000378,German_Native,Female,25,25.0,Medium (Vocational),C1/C2,0.0,27855.38,0.0,8.91,367.15,22297.86,0.0,0.0,22665.01,22665.01
ID_000379,General_Refugee,Female,45,8.3,Medium (Vocational),B2,0.08,44528.95,262.44,6.2,378.83,0.0,0.0,2443.91,378.83,-2065.08
ID_000380,German_Native,Female,53,53.0,High (Tertiary),C1/C2,0.0,62222.55,0.0,42.14,4654.83,0.0,412772.57,118931.79,4654.83,298495.61
ID_000381,German_Native,Male,57,57.0,High (Tertiary),C1/C2,0.0,132459.66,0.0,65.36,13536.97,0.0,0.0,16.46,13536.97,13520.51
ID_000382,General_Migrant,Female,37,25.6,Medium (Vocational),C1/C2,0.04,56652.08,354.4,20.74,2134.46,0.0,0.0,1475.01,2134.46,659.45
ID_000383,German_Native,Male,21,21.0,High (Tertiary),C1/C2,0.0,44829.58,0.0,0.0,1168.06,0.0,0.0,0.0,1168.06,1168.06
ID_000384,Ukrainian_Refugee_2022plus,Female,48,3.6,Medium (Vocational),B1,0.1,34410.61,89.74,1.99,2813.04,0.0,0.0,1553.4,2813.04,1259.64
ID_000385,General_Migrant,Female,59,3.4,High (Tertiary),B2,0.04,64227.82,4.33,3.52,108.72,0.0,0.0,497.58,108.72,-388.86
ID_000386,General_Migrant,Female,40,16.6,High (Tertiary),B2,0.04,57957.58,16.33,20.1,589.12,4357.29,0.0,0.0,4946.41,4946.41
ID_000387,German_Native,Male,28,28.0,Low,C1/C2,0.0,40904.49,0.0,6.71,3612.96,0.0,0.0,0.0,3612.96,3612.96
ID_000388,German_Native,Male,26,26.0,Low,C1/C2,0.0,41196.84,0.0,4.66,4688.69,0.0,0.0,0.0,4688.69,4688.69
ID_000389,General_Migrant,Male,57,34.2,Medium (Vocational),B1,0.04,66959.25,38.42,45.6,105572.81,0.0,502004.93,57839.82,105572.81,549737.92
ID_000390,General_Migrant,Male,31,11.7,Low,C1/C2,0.04,42704.63,94.4,7.72,674.6,0.0,0.0,0.0,674.6,674.6
ID_000391,Migrant_2ndGen,Male,42,42.0,Medium (Vocational),C1/C2,0.02,70754.61,30.88,26.28,10899.28,0.0,0.0,0.0,10899.28,10899.28
ID_000392,German_Native,Female,69,69.0,High (Tertiary),C1/C2,0.0,0.0,0.0,45.1,4621.33,0.0,368794.59,0.0,4621.33,373415.92
ID_000393,German_Native,Male,44,44.0,Medium (Vocational),C1/C2,0.0,70269.22,0.0,33.43,4323.5,0.0,0.0,0.0,4323.5,4323.5
ID_000394,General_Migrant,Female,35,11.7,High (Tertiary),B2,0.04,66761.79,84.74,15.72,3504.35,0.0,0.0,0.0,3504.35,3504.35
ID_000395,German_Native,Female,47,47.0,High (Tertiary),C1/C2,0.0,96815.07,0.0,55.37,3092.96,0.0,440901.04,192451.4,3092.96,251542.6
ID_000396,Migrant_2ndGen,Male,27,27.0,Medium (Vocational),C1/C2,0.02,43673.92,46.83,5.94,948.01,1395.48,0.0,0.0,2343.49,2343.49
ID_000397,General_Refugee,Male,31,11.3,Medium (Vocational),B2,0.08,37454.6,104.41,7.01,987.66,0.0,0.0,0.0,987.66,987.66
ID_000398,German_Native,Male,48,48.0,Medium (Vocational),C1/C2,0.0,46338.04,0.0,23.61,28107.8,7511.25,536356.72,273436.04,35619.05,298539.73
ID_000399,General_Migrant,Male,31,9.8,Medium (Vocational),B2,0.04,28682.2,4.79,4.44,830.82,0.0,0.0,2771.85,830.82,-1941.03
ID_000400,General_Migrant,Male,35,23.4,Medium (Vocational),B2,0.04,75145.71,19.12,21.26,1698.41,8286.13,0.0,1036.28,9984.54,8948.26
ID_000401,German_Native,Male,55,55.0,Medium (Vocational),C1/C2,0.0,63405.49,0.0,45.1,1532.57,0.0,0.0,0.0,1532.57,1532.57
ID_000402,Ukrainian_Migrant_Pre2022,Female,43,8.8,Medium (Vocational),B2,0.03,28476.76,78.05,4.93,165.72,0.0,0.0,0.0,165.72,165.72
ID_000403,German_Native,Male,55,55.0,High (Tertiary),C1/C2,0.0,79814.5,0.0,51.7,5258.5,57158.88,429317.26,91656.19,62417.38,400078.45
ID_000404,General_Refugee,Male,40,9.6,Low,B1,0.08,36539.13,134.16,7.27,63503.42,0.0,0.0,0.0,63503.42,63503.42
ID_000405,German_Native,Female,34,34.0,Medium (Vocational),C1/C2,0.0,45463.94,0.0,16.92,3169.21,0.0,0.0,0.0,3169.21,3169.21
ID_000406,Ukrainian_Refugee_2022plus,Female,39,3.0,Medium (Vocational),B1,0.1,28892.49,96.3,1.07,585.91,0.0,0.0,5984.64,585.91,-5398.73
ID_000407,German_Native,Female,62,62.0,Medium (Vocational),C1/C2,0.0,128361.23,0.0,84.7,9855.26,0.0,0.0,0.0,9855.26,9855.26
ID_000408,German_Native,Male,18,18.0,Medium (Vocational),C1/C2,0.0,41381.58,0.0,0.0,584.69,604.47,287938.82,434084.31,1189.16,-144956.33
ID_000409,Ukrainian_Migrant_Pre2022,Female,48,14.0,High (Tertiary),C1/C2,0.03,75260.54,5.55,26.53,1519.67,0.0,385205.17,185054.2,1519.67,201670.64
ID_000410,German_Native,Female,40,40.0,Low,C1/C2,0.0,58223.88,0.0,30.62,1623.96,0.0,0.0,0.0,1623.96,1623.96
ID_000411,German_Native,Female,61,61.0,Medium (Vocational),C1/C2,0.0,36624.08,0.0,29.27,44332.45,0.0,327008.15,0.0,44332.45,371340.6
ID_000412,Migrant_2ndGen,Male,24,24.0,High (Tertiary),C1/C2,0.02,38196.28,29.37,3.37,1869.71,0.0,0.0,3215.95,1869.71,-1346.24
ID_000413,Migrant_2ndGen,Female,29,29.0,High (Tertiary),C1/C2,0.02,45007.06,10.11,10.76,3055.73,0.0,0.0,3302.72,3055.73,-246.99
ID_000414,German_Native,Male,63,63.0,Medium (Vocational),C1/C2,0.0,68315.48,0.0,50.91,28547.92,0.0,562761.57,0.0,28547.92,591309.49
ID_000415,German_Native,Female,50,50.0,Medium (Vocational),C1/C2,0.0,60837.59,0.0,40.96,2250.31,0.0,675246.36,206126.07,2250.31,471370.6
ID_000416,German_Native,Female,39,39.0,Medium (Vocational),C1/C2,0.0,86282.45,0.0,34.1,3072.61,0.0,0.0,0.0,3072.61,3072.61
ID_000417,German_Native,Female,61,61.0,Low,C1/C2,0.0,44910.54,0.0,31.12,829.58,0.0,0.0,0.0,829.58,829.58
ID_000418,German_Native,Female,70,70.0,High (Tertiary),C1/C2,0.0,0.0,0.0,43.16,3370.69,24892.41,0.0,1744.47,28263.1,26518.63
ID_000419,General_Migrant,Female,30,17.9,Low,B1,0.04,50870.77,2.08,9.07,201.47,0.0,0.0,0.0,201.47,201.47
ID_000420,General_Migrant,Female,40,13.2,Medium (Vocational),B2,0.04,100721.58,146.96,29.34,1021.08,0.0,0.0,0.0,1021.08,1021.08
ID_000421,General_Migrant,Female,51,26.2,Medium (Vocational),B2,0.04,75334.7,61.58,45.13,3285.36,0.0,0.0,228.49,3285.36,3056.87
ID_000422,General_Migrant,Female,28,15.2,High (Tertiary),C1/C2,0.04,51968.27,60.15,8.19,1380.94,0.0,0.0,1441.61,1380.94,-60.67
ID_000423,German_Native,Male,69,69.0,High (Tertiary),C1/C2,0.0,0.0,0.0,42.71,29741.94,13734.11,0.0,0.0,43476.05,43476.05
ID_000424,German_Native,Female,49,49.0,Low,C1/C2,0.0,33503.28,0.0,20.1,617.33,1524.15,0.0,0.0,2141.48,2141.48
ID_000425,German_Native,Female,33,33.0,Low,C1/C2,0.0,33776.57,0.0,7.28,1041.25,0.0,0.0,0.0,1041.25,1041.25
ID_000426,German_Native,Female,63,63.0,Low,C1/C2,0.0,31572.96,0.0,30.47,23307.75,0.0,548785.63,0.0,23307.75,572093.38
ID_000427,German_Native,Male,48,48.0,Medium (Vocational),C1/C2,0.0,63234.12,0.0,35.01,4631.61,0.0,440607.46,204388.07,4631.61,240851.0
ID_000428,Ukrainian_Refugee_2022plus,Female,47,2.0,High (Tertiary),C1/C2,0.1,38296.57,93.56,0.82,1289.98,0.0,0.0,0.0,1289.98,1289.98
ID_000429,German_Native,Female,34,34.0,Medium (Vocational),C1/C2,0.0,67009.7,0.0,16.98,930.58,0.0,0.0,2940.24,930.58,-2009.66
ID_000430,German_Native,Male,30,30.0,High (Tertiary),C1/C2,0.0,46242.27,0.0,9.09,9722.56,874.28,0.0,0.0,10596.84,10596.84
ID_000431,German_Native,Female,53,53.0,High (Tertiary),C1/C2,0.0,39055.91,0.0,29.26,3326.47,19957.23,377097.22,103334.3,23283.7,297046.62
ID_000432,General_Migrant,Male,25,15.6,Low,B1,0.04,29526.19,338.32,3.11,2621.04,861.56,0.0,0.0,3482.6,3482.6
ID_000433,German_Native,Male,51,51.0,Medium (Vocational),C1/C2,0.0,19392.27,0.0,12.26,2300.1,99298.75,606687.91,209685.31,101598.85,498601.45
ID_000434,German_Native,Female,41,41.0,Medium (Vocational),C1/C2,0.0,70941.75,0.0,30.86,5942.29,0.0,276167.28,215906.69,5942.29,66202.88
ID_000435,German_Native,Female,48,48.0,High (Tertiary),C1/C2,0.0,51763.88,0.0,30.81,143285.24,0.0,0.0,0.0,143285.24,143285.24
ID_000436,General_Migrant,Female,62,17.0,High (Tertiary),B1,0.12,37899.84,16.18,15.45,2994.58,0.0,0.0,1365.04,2994.58,1629.54
ID_000437,German_Native,Male,39,39.0,High (Tertiary),C1/C2,0.0,56294.63,0.0,21.24,16267.62,0.0,0.0,0.0,16267.62,16267.62
ID_000438,General_Refugee,Male,39,8.4,High (Tertiary),B1,0.22,34073.6,38.96,5.45,786.68,0.0,0.0,2096.78,786.68,-1310.1
ID_000439,General_Migrant,Female,46,24.3,Medium (Vocational),B2,0.04,53562.29,54.82,24.45,6957.28,6273.53,0.0,0.0,13230.81,13230.81
ID_000440,German_Native,Female,52,52.0,High (Tertiary),C1/C2,0.0,43586.36,0.0,33.73,5241.95,0.0,0.0,8190.28,5241.95,-2948.33
ID_000441,German_Native,Female,67,67.0,Medium (Vocational),C1/C2,0.0,0.0,0.0,44.94,34163.96,0.0,153438.49,0.0,34163.96,187602.45
ID_000442,Migrant_2ndGen,Female,18,18.0,Medium (Vocational),C1/C2,0.02,29115.39,20.06,0.0,156.73,0.0,0.0,0.0,156.73,156.73
ID_000443,German_Native,Female,20,20.0,High (Tertiary),C1/C2,0.0,26256.28,0.0,0.0,4171.03,0.0,0.0,434.36,4171.03,3736.67
ID_000444,German_Native,Male,56,56.0,Medium (Vocational),C1/C2,0.0,75317.11,0.0,59.43,2761.21,21527.5,0.0,5924.0,24288.71,18364.71
ID_000445,General_Refugee,Female,40,11.2,Low,A1/A2,0.08,32402.71,34.92,6.55,2858.87,17029.4,0.0,0.0,19888.27,19888.27
ID_000446,Migrant_2ndGen,Female,52,52.0,Medium (Vocational),C1/C2,0.02,25777.5,13.33,16.82,31789.39,0.0,0.0,0.0,31789.39,31789.39
ID_000447,Migrant_2ndGen,Male,46,46.0,Medium (Vocational),C1/C2,0.02,62548.34,42.69,35.03,756.26,4140.97,0.0,0.0,4897.23,4897.23
ID_000448,General_Migrant,Male,57,21.4,Medium (Vocational),B1,0.04,66045.48,6.83,28.47,7446.57,0.0,0.0,1608.01,7446.57,5838.56
ID_000449,German_Native,Male,66,66.0,Medium (Vocational),C1/C2,0.0,52407.28,0.0,51.74,6149.48,194417.91,0.0,0.0,200567.39,200567.39
ID_000450,German_Native,Male,71,71.0,Medium (Vocational),C1/C2,0.0,0.0,0.0,46.67,6579.55,0.0,449502.19,0.0,6579.55,456081.74
ID_000451,General_Migrant,Male,51,24.1,High (Tertiary),B2,0.04,57405.04,57.01,28.84,8970.37,0.0,480184.78,172249.15,8970.37,316906.0
ID_000452,German_Native,Female,69,69.0,Medium (Vocational),C1/C2,0.0,0.0,0.0,47.06,10365.7,0.0,310351.89,0.0,10365.7,320717.59
ID_000453,German_Native,Female,32,32.0,Medium (Vocational),C1/C2,0.0,59532.36,0.0,14.81,3002.44,27029.53,0.0,0.0,30031.97,30031.97
ID_000454,Ukrainian_Migrant_Pre2022,Female,31,15.0,Medium (Vocational),C1/C2,0.03,87031.9,88.15,22.36,1970.23,0.0,0.0,0.0,1970.23,1970.23
ID_000455,German_Native,Male,18,18.0,Medium (Vocational),C1/C2,0.0,23002.13,0.0,0.0,437.64,0.0,0.0,0.0,437.64,437.64
ID_000456,German_Native,Male,24,24.0,Medium (Vocational),C1/C2,0.0,56726.51,0.0,4.67,1652.03,1237.02,0.0,0.0,2889.05,2889.05
ID_000457,German_Native,Female,47,47.0,High (Tertiary),C1/C2,0.0,45695.16,0.0,29.95,9807.2,0.0,0.0,0.0,9807.2,9807.2
ID_000458,German_Native,Female,49,49.0,Medium (Vocational),C1/C2,0.0,126717.23,0.0,63.25,19575.56,7456.22,0.0,0.0,27031.78,27031.78
ID_000459,German_Native,Male,64,64.0,Medium (Vocational),C1/C2,0.0,68576.47,0.0,51.93,3674.44,32188.66,238592.63,0.0,35863.1,274455.73
ID_000460,German_Native,Male,72,72.0,Medium (Vocational),C1/C2,0.0,0.0,0.0,48.13,4816.45,0.0,406012.03,0.0,4816.45,410828.48
ID_000461,German_Native,Female,46,46.0,Medium (Vocational),C1/C2,0.0,51210.57,0.0,22.28,32999.69,0.0,403154.97,163750.3,32999.69,272404.36
ID_000462,German_Native,Male,47,47.0,High (Tertiary),C1/C2,0.0,80142.04,0.0,40.18,634.32,0.0,296473.69,162193.33,634.32,134914.68
ID_000463,General_Migrant,Male,39,27.4,Medium (Vocational),B2,0.04,80571.12,86.92,30.42,251.14,0.0,0.0,0.0,251.14,251.14
ID_000464,German_Native,Male,18,18.0,Low,C1/C2,0.0,22846.7,0.0,0.0,5364.99,1108.43,0.0,2668.53,6473.42,3804.89
ID_000465,Migrant_2ndGen,Male,32,32.0,Medium (Vocational),C1/C2,0.02,44731.49,3.73,10.06,1545.37,3899.99,0.0,0.0,5445.36,5445.36
ID_000466,German_Native,Female,36,36.0,Medium (Vocational),C1/C2,0.0,75486.25,0.0,25.64,1051.87,0.0,0.0,0.0,1051.87,1051.87
ID_000467,German_Native,Female,47,47.0,High (Tertiary),C1/C2,0.0,119982.31,0.0,60.31,3650.95,31949.98,0.0,0.0,35600.93,35600.93
ID_000468,General_Refugee,Male,34,10.7,Low,B2,0.08,42657.82,327.19,8.21,3721.08,0.0,0.0,0.0,3721.08,3721.08
ID_000469,German_Native,Male,56,56.0,High (Tertiary),C1/C2,0.0,72939.44,0.0,44.3,5996.86,80884.86,370074.67,48965.08,86881.72,407991.31
ID_000470,Migrant_2ndGen,Male,39,39.0,Low,C1/C2,0.02,66260.44,6.19,23.61,1283.09,0.0,0.0,0.0,1283.09,1283.09
ID_000471,German_Native,Female,32,32.0,High (Tertiary),C1/C2,0.0,68985.09,0.0,17.64,8401.82,5229.62,0.0,187.58,13631.44,13443.86
ID_000472,Migrant_2ndGen,Female,19,19.0,Medium (Vocational),C1/C2,0.02,39231.08,122.3,0.0,164.23,0.0,0.0,0.0,164.23,164.23
ID_000473,German_Native,Male,57,57.0,Medium (Vocational),C1/C2,0.0,42446.21,0.0,31.13,6940.6,0.0,0.0,0.0,6940.6,6940.6
ID_000474,Ukrainian_Refugee_2022plus,Female,35,3.0,High (Tertiary),B1,0.28,38346.66,18.41,2.08,3100.37,0.0,0.0,0.0,3100.37,3100.37
ID_000475,German_Native,Female,18,18.0,Medium (Vocational),C1/C2,0.0,17544.68,0.0,0.0,100.0,882.43,0.0,0.0,982.43,982.43
ID_000476,Migrant_2ndGen,Female,34,34.0,Low,C1/C2,0.02,52520.7,14.09,13.8,2082.98,1653.37,0.0,0.0,3736.35,3736.35
ID_000477,German_Native,Male,47,47.0,Medium (Vocational),C1/C2,0.0,42838.89,0.0,20.61,6847.43,0.0,0.0,0.0,6847.43,6847.43
ID_000478,German_Native,Female,65,65.0,Medium (Vocational),C1/C2,0.0,37828.4,0.0,28.72,2693.78,0.0,344647.96,0.0,2693.78,347341.74
ID_000479,Migrant_2ndGen,Male,26,26.0,Medium (Vocational),C1/C2,0.02,49371.14,17.73,6.42,5249.36,0.0,545806.68,660680.59,5249.36,-109624.55
ID_000480,German_Native,Male,31,31.0,Medium (Vocational),C1/C2,0.0,59606.78,0.0,12.29,1847.17,0.0,0.0,0.0,1847.17,1847.17
ID_000481,German_Native,Female,48,48.0,Medium (Vocational),C1/C2,0.0,82306.84,0.0,49.34,847.07,0.0,267782.09,123951.96,847.07,144677.2
ID_000482,General_Migrant,Male,33,8.0,Medium (Vocational),C1/C2,0.04,28340.48,167.51,4.12,11287.44,0.0,0.0,0.0,11287.44,11287.44
ID_000483,German_Native,Male,51,51.0,High (Tertiary),C1/C2,0.0,73154.87,0.0,42.7,41806.89,0.0,192181.1,66052.92,41806.89,167935.07
ID_000484,German_Native,Male,60,60.0,Medium (Vocational),C1/C2,0.0,71377.41,0.0,52.81,37601.08,5396.3,0.0,0.0,42997.38,42997.38
ID_000485,German_Native,Female,72,72.0,Medium (Vocational),C1/C2,0.0,0.0,0.0,43.52,10816.95,2915.39,221346.86,0.0,13732.34,235079.2
ID_000486,Ukrainian_Migrant_Pre2022,Male,31,12.1,Medium (Vocational),C1/C2,0.03,84551.08,22.83,17.9,787.66,0.0,0.0,0.0,787.66,787.66
ID_000487,German_Native,Female,49,49.0,High (Tertiary),C1/C2,0.0,48474.54,0.0,25.12,21295.51,15921.76,0.0,525.79,37217.27,36691.48
ID_000488,German_Native,Female,34,34.0,Medium (Vocational),C1/C2,0.0,34253.25,0.0,11.13,18841.45,0.0,0.0,0.0,18841.45,18841.45
ID_000489,Migrant_2ndGen,Male,18,18.0,High (Tertiary),C1/C2,0.02,30989.31,43.02,0.0,181.79,0.0,0.0,0.0,181.79,181.79
ID_000490,Ukrainian_Refugee_2022plus,Female,51,2.3,High (Tertiary),A1/A2,0.28,26180.61,72.98,0.9,279.39,0.0,0.0,0.0,279.39,279.39
ID_000491,German_Native,Female,61,61.0,High (Tertiary),C1/C2,0.0,63198.45,0.0,47.04,8338.2,56926.11,440070.73,0.0,65264.31,505335.04
ID_000492,German_Native,Male,47,47.0,Medium (Vocational),C1/C2,0.0,46160.66,0.0,21.03,8759.54,0.0,371932.13,157444.91,8759.54,223246.76
ID_000493,German_Native,Female,41,41.0,Medium (Vocational),C1/C2,0.0,31488.87,0.0,12.69,1229.43,0.0,460292.75,280064.55,1229.43,181457.63
ID_000494,German_Native,Female,44,44.0,Medium (Vocational),C1/C2,0.0,40254.12,0.0,21.95,3705.61,0.0,0.0,0.0,3705.61,3705.61
ID_000495,German_Native,Female,48,48.0,Medium (Vocational),C1/C2,0.0,70117.66,0.0,39.6,6184.08,1489.64,367262.32,167953.37,7673.72,206982.67
ID_000496,German_Native,Male,44,44.0,High (Tertiary),C1/C2,0.0,80624.05,0.0,41.31,11098.27,43580.52,0.0,0.0,54678.79,54678.79
ID_000497,German_Native,Female,61,61.0,Medium (Vocational),C1/C2,0.0,64823.72,0.0,55.61,4355.29,0.0,393612.62,0.0,4355.29,397967.91
ID_000498,German_Native,Female,63,63.0,Medium (Vocational),C1/C2,0.0,60602.49,0.0,45.93,17674.55,3210.79,290207.97,0.0,20885.34,311093.31
ID_000499,Migrant_2ndGen,Female,34,34.0,High (Tertiary),C1/C2,0.02,46683.0,21.43,12.28,6867.88,0.0,0.0,604.19,6867.88,6263.69
ID_000500,Migrant_2ndGen,Male,46,46.0,High (Tertiary),C1/C2,0.02,76632.39,14.45,34.59,18724.7,0.0,0.0,0.0,18724.7,18724.7
ID_000501,General_Migrant,Female,31,7.4,High (Tertiary),C1/C2,0.04,29037.68,51.86,3.4,2905.48,0.0,0.0,0.0,2905.48,2905.48
ID_000502,German_Native,Female,69,69.0,Medium (Vocational),C1/C2,0.0,0.0,0.0,48.02,28779.24,0.0,489601.84,0.0,28779.24,518381.08
ID_000503,German_Native,Male,58,58.0,Low,C1/C2,0.0,69837.93,0.0,50.17,12821.38,0.0,0.0,0.0,12821.38,12821.38
ID_000504,General_Refugee,Male,20,10.3,Medium (Vocational),B1,0.08,50233.07,105.7,0.0,1779.37,0.0,0.0,0.0,1779.37,1779.37
ID_000505,General_Migrant,Female,37,34.7,High (Tertiary),B2,0.04,71503.15,15.56,24.99,7101.88,0.0,0.0,0.0,7101.88,7101.88
ID_000506,German_Native,Female,45,45.0,Medium (Vocational),C1/C2,0.0,77755.37,0.0,41.58,661.56,0.0,0.0,0.0,661.56,661.56
ID_000507,Ukrainian_Migrant_Pre2022,Male,54,12.0,Medium (Vocational),B2,0.03,25664.62,103.63,5.85,7891.12,0.0,0.0,1523.0,7891.12,6368.12
ID_000508,General_Refugee,Male,37,9.8,Low,B2,0.08,36748.54,15.87,6.74,7014.22,8992.6,0.0,0.0,16006.82,16006.82
ID_000509,Migrant_2ndGen,Male,32,32.0,High (Tertiary),C1/C2,0.02,83386.9,30.0,19.34,1584.19,0.0,0.0,2991.03,1584.19,-1406.84
ID_000510,General_Migrant,Female,35,22.1,Medium (Vocational),B1,0.04,75541.35,6.62,29.03,1190.47,0.0,0.0,0.0,1190.47,1190.47
ID_000511,German_Native,Male,38,38.0,High (Tertiary),C1/C2,0.0,103652.67,0.0,31.58,3881.9,8521.0,0.0,0.0,12402.9,12402.9
ID_000512,German_Native,Male,50,50.0,Medium (Vocational),C1/C2,0.0,55038.13,0.0,36.44,1734.63,2539.05,0.0,0.0,4273.68,4273.68
ID_000513,Migrant_2ndGen,Female,22,22.0,High (Tertiary),C1/C2,0.02,47001.46,29.22,7.97,5709.01,0.0,0.0,3366.12,5709.01,2342.89
ID_000514,General_Refugee,Male,54,9.3,High (Tertiary),B2,0.08,55796.82,13.73,11.09,7215.55,0.0,0.0,0.0,7215.55,7215.55
ID_000515,German_Native,Male,50,50.0,Medium (Vocational),C1/C2,0.0,48572.33,0.0,26.14,2976.25,11885.55,291823.87,82865.53,14861.8,223820.14
ID_000516,German_Native,Female,18,18.0,Medium (Vocational),C1/C2,0.0,32560.6,0.0,0.0,412.14,0.0,0.0,0.0,412.14,412.14
ID_000517,German_Native,Male,55,55.0,Low,C1/C2,0.0,73935.21,0.0,46.97,3342.01,52295.48,0.0,0.0,55637.49,55637.49
ID_000518,General_Refugee,Female,24,8.7,Low,B1,0.08,18333.35,326.94,1.45,1761.4,0.0,0.0,0.0,1761.4,1761.4
ID_000519,Migrant_2ndGen,Male,35,35.0,Medium (Vocational),C1/C2,0.02,37170.21,2.92,11.91,5417.13,0.0,0.0,4005.03,5417.13,1412.1
ID_000520,German_Native,Female,30,30.0,Medium (Vocational),C1/C2,0.0,34224.25,0.0,11.62,2719.82,0.0,0.0,3157.06,2719.82,-437.24
ID_000521,German_Native,Male,18,18.0,Medium (Vocational),C1/C2,0.0,36394.55,0.0,0.0,199.09,625.4,0.0,1613.38,824.49,-788.89
ID_000522,German_Native,Female,37,37.0,Medium (Vocational),C1/C2,0.0,49835.76,0.0,15.6,7576.1,0.0,0.0,0.0,7576.1,7576.1
ID_000523,Migrant_2ndGen,Male,35,35.0,High (Tertiary),C1/C2,0.02,77454.43,31.19,20.95,392.93,5829.97,0.0,0.0,6222.9,6222.9
ID_000524,General_Refugee,Male,30,10.8,High (Tertiary),B2,0.08,31553.04,358.45,6.19,1129.61,2038.41,0.0,0.0,3168.02,3168.02
ID_000525,General_Refugee,Male,35,11.1,Medium (Vocational),B2,0.08,23343.07,122.64,5.2,11038.85,0.0,0.0,0.0,11038.85,11038.85
ID_000526,German_Native,Male,49,49.0,Medium (Vocational),C1/C2,0.0,62063.64,0.0,29.67,20957.39,13655.65,0.0,0.0,34613.04,34613.04
ID_000527,German_Native,Male,46,46.0,Low,C1/C2,0.0,44807.75,0.0,24.1,16029.71,0.0,0.0,0.0,16029.71,16029.71
ID_000528,German_Native,Male,52,52.0,Low,C1/C2,0.0,87294.27,0.0,47.88,2681.49,0.0,0.0,462.76,2681.49,2218.73
ID_000529,German_Native,Male,27,27.0,Medium (Vocational),C1/C2,0.0,72078.4,0.0,10.51,2249.98,0.0,0.0,0.0,2249.98,2249.98
ID_000530,General_Refugee,Male,34,8.9,Medium (Vocational),B1,0.08,57993.06,91.28,9.78,1256.24,0.0,0.0,0.0,1256.24,1256.24
ID_000531,General_Refugee,Male,39,9.3,Low,B1,0.08,54415.92,120.86,8.46,706.71,0.0,305261.85,201015.88,706.71,104952.68
ID_000532,Migrant_2ndGen,Female,27,27.0,Low,C1/C2,0.02,20640.38,35.17,2.59,2885.47,0.0,0.0,0.0,2885.47,2885.47
ID_000533,Migrant_2ndGen,Female,18,18.0,Medium (Vocational),C1/C2,0.02,37716.36,91.15,0.0,783.21,0.0,0.0,0.0,783.21,783.21
ID_000534,German_Native,Male,41,41.0,Medium (Vocational),C1/C2,0.0,57128.53,0.0,24.58,16750.93,3420.49,275213.94,180438.74,20171.42,114946.62
ID_000535,General_Migrant,Male,34,8.4,Medium (Vocational),C1/C2,0.04,43401.93,34.04,6.61,2113.55,0.0,0.0,0.0,2113.55,2113.55
ID_000536,Migrant_2ndGen,Male,27,27.0,High (Tertiary),C1/C2,0.02,90959.34,22.89,13.17,974.73,0.0,0.0,0.0,974.73,974.73
ID_000537,General_Refugee,Male,42,10.9,High (Tertiary),C1/C2,0.08,32974.29,161.2,6.88,2480.98,5648.72,0.0,0.0,8129.7,8129.7
ID_000538,German_Native,Male,54,54.0,High (Tertiary),C1/C2,0.0,71961.34,0.0,51.4,9672.44,21994.01,0.0,0.0,31666.45,31666.45
ID_000539,German_Native,Male,67,67.0,Low,C1/C2,0.0,0.0,0.0,43.18,39880.89,0.0,331446.59,0.0,39880.89,371327.48
ID_000540,German_Native,Male,33,33.0,Low,C1/C2,0.0,45417.68,0.0,12.29,2335.53,0.0,0.0,0.0,2335.53,2335.53
ID_000541,Migrant_2ndGen,Female,43,43.0,Low,C1/C2,0.02,34299.25,3.44,20.22,890.97,0.0,533908.65,316852.09,890.97,217947.53
ID_000542,German_Native,Female,37,37.0,High (Tertiary),C1/C2,0.0,73862.0,0.0,29.37,11734.3,0.0,580585.67,559441.45,11734.3,32878.52
ID_000543,German_Native,Female,33,33.0,Low,C1/C2,0.0,38462.28,0.0,11.39,11428.13,0.0,0.0,0.0,11428.13,11428.13
ID_000544,General_Migrant,Female,40,19.7,Medium (Vocational),C1/C2,0.04,62845.02,151.16,23.6,577.13,0.0,319039.67,264938.72,577.13,54678.08
ID_000545,German_Native,Female,18,18.0,High (Tertiary),C1/C2,0.0,49530.84,0.0,0.0,187.76,0.0,0.0,0.0,187.76,187.76
ID_000546,German_Native,Female,60,60.0,Medium (Vocational),C1/C2,0.0,60398.09,0.0,44.61,1187.55,0.0,326154.26,0.0,1187.55,327341.81
ID_000547,German_Native,Male,51,51.0,Medium (Vocational),C1/C2,0.0,68358.29,0.0,42.23,6291.05,0.0,311338.07,113533.71,6291.05,204095.41
ID_000548,General_Migrant,Male,32,34.9,High (Tertiary),A1/A2,0.12,95453.68,332.12,20.36,596.19,0.0,0.0,0.0,596.19,596.19
ID_000549,German_Native,Male,69,69.0,Medium (Vocational),C1/C2,0.0,0.0,0.0,41.38,582.18,0.0,0.0,0.0,582.18,582.18
ID_000550,General_Migrant,Female,47,15.9,Low,A1/A2,0.04,67693.74,37.33,17.68,2644.07,0.0,450244.79,245883.16,2644.07,207005.7
ID_000551,German_Native,Female,33,33.0,Medium (Vocational),C1/C2,0.0,41863.03,0.0,12.06,1013.35,0.0,0.0,4275.44,1013.35,-3262.09
ID_000552,General_Refugee,Male,46,10.8,Medium (Vocational),B1,0.08,27645.79,346.42,5.02,3347.48,0.0,0.0,0.0,3347.48,3347.48
ID_000553,German_Native,Male,18,18.0,High (Tertiary),C1/C2,0.0,44766.16,0.0,0.0,439.29,0.0,0.0,0.0,439.29,439.29
ID_000554,German_Native,Female,74,74.0,Medium (Vocational),C1/C2,0.0,0.0,0.0,49.74,34336.66,14828.29,0.0,0.0,49164.95,49164.95
ID_000555,Ukrainian_Refugee_2022plus,Male,32,1.6,High (Tertiary),A1/A2,0.28,49431.48,1.2,0.99,786.48,0.0,0.0,0.0,786.48,786.48
ID_000556,German_Native,Female,58,58.0,Medium (Vocational),C1/C2,0.0,55508.04,0.0,40.25,4334.01,0.0,332814.14,19457.97,4334.01,317690.18
ID_000557,German_Native,Female,65,65.0,Medium (Vocational),C1/C2,0.0,70991.99,0.0,61.17,2328.0,0.0,569992.34,0.0,2328.0,572320.34
ID_000558,German_Native,Male,47,47.0,Low,C1/C2,0.0,53087.81,0.0,28.79,7132.72,0.0,0.0,2905.54,7132.72,4227.18
ID_000559,General_Migrant,Male,45,29.3,Medium (Vocational),A1/A2,0.04,76021.87,174.58,35.46,17042.2,3011.86,0.0,0.0,20054.06,20054.06
ID_000560,German_Native,Male,25,25.0,High (Tertiary),C1/C2,0.0,48835.01,0.0,4.21,377.02,0.0,0.0,0.0,377.02,377.02
ID_000561,General_Migrant,Male,59,33.9,Medium (Vocational),B2,0.04,40286.45,18.48,26.54,3525.23,0.0,311663.89,12323.58,3525.23,302865.54
ID_000562,German_Native,Female,20,20.0,High (Tertiary),C1/C2,0.0,28568.59,0.0,0.0,2289.73,500.0,0.0,0.0,2789.73,2789.73
ID_000563,German_Native,Male,55,55.0,High (Tertiary),C1/C2,0.0,86231.99,0.0,59.0,39065.29,0.0,0.0,0.0,39065.29,39065.29
ID_000564,German_Native,Male,58,58.0,Medium (Vocational),C1/C2,0.0,60046.73,0.0,38.9,9956.88,0.0,255075.48,17992.82,9956.88,247039.54
ID_000565,German_Native,Female,58,58.0,Medium (Vocational),C1/C2,0.0,65481.33,0.0,54.7,5354.25,0.0,262477.27,21448.31,5354.25,246383.21
ID_000566,German_Native,Male,39,39.0,Medium (Vocational),C1/C2,0.0,80882.15,0.0,26.08,1948.67,0.0,0.0,0.0,1948.67,1948.67
ID_000567,German_Native,Female,85,85.0,High (Tertiary),C1/C2,0.0,0.0,0.0,54.12,45157.55,0.0,482211.98,0.0,45157.55,527369.53
ID_000568,German_Native,Female,64,64.0,Medium (Vocational),C1/C2,0.0,47872.59,0.0,43.52,3437.18,0.0,330918.86,0.0,3437.18,334356.04
ID_000569,Ukrainian_Migrant_Pre2022,Female,43,17.6,High (Tertiary),B1,0.08,62479.87,127.61,24.93,1006.91,0.0,0.0,0.0,1006.91,1006.91
ID_000570,German_Native,Male,64,64.0,Low,C1/C2,0.0,51866.98,0.0,50.16,116872.37,0.0,457373.75,0.0,116872.37,574246.12
ID_000571,German_Native,Male,25,25.0,Medium (Vocational),C1/C2,0.0,39261.77,0.0,4.08,766.33,0.0,0.0,0.0,766.33,766.33
ID_000572,General_Migrant,Female,42,30.2,Medium (Vocational),B2,0.04,64675.93,25.86,30.02,4385.15,0.0,525843.16,350028.06,4385.15,180200.25
ID_000573,German_Native,Male,50,50.0,High (Tertiary),C1/C2,0.0,104888.65,0.0,64.27,3501.58,0.0,387913.59,133860.98,3501.58,257554.19
ID_000574,German_Native,Male,22,22.0,High (Tertiary),C1/C2,0.0,27801.6,0.0,0.92,2120.99,0.0,0.0,0.0,2120.99,2120.99
ID_000575,General_Refugee,Female,42,9.5,Medium (Vocational),B2,0.08,50676.21,438.06,10.07,9504.02,0.0,0.0,0.0,9504.02,9504.02
ID_000576,Migrant_2ndGen,Female,39,39.0,Medium (Vocational),C1/C2,0.02,70089.46,11.8,24.14,5212.48,0.0,0.0,0.0,5212.48,5212.48
ID_000577,German_Native,Male,33,33.0,Low,C1/C2,0.0,47346.33,0.0,12.27,8007.05,0.0,0.0,0.0,8007.05,8007.05
ID_000578,Migrant_2ndGen,Female,36,36.0,High (Tertiary),C1/C2,0.02,87625.2,35.56,29.68,4493.99,5592.66,0.0,1674.51,10086.65,8412.14
ID_000579,German_Native,Female,24,24.0,Low,C1/C2,0.0,45519.48,0.0,3.32,1933.28,500.0,0.0,655.89,2433.28,1777.39
ID_000580,German_Native,Male,49,49.0,Low,C1/C2,0.0,70036.15,0.0,42.2,503.03,4967.53,246747.0,78681.19,5470.56,173536.37
ID_000581,German_Native,Female,37,37.0,High (Tertiary),C1/C2,0.0,57170.17,0.0,22.3,6118.36,0.0,0.0,5756.69,6118.36,361.67
ID_000582,Migrant_2ndGen,Female,35,35.0,High (Tertiary),C1/C2,0.02,51427.71,26.66,15.97,2815.55,0.0,0.0,0.0,2815.55,2815.55
ID_000583,German_Native,Male,30,30.0,Medium (Vocational),C1/C2,0.0,44401.21,0.0,9.75,9167.5,0.0,0.0,0.0,9167.5,9167.5
ID_000584,German_Native,Male,45,45.0,High (Tertiary),C1/C2,0.0,120061.04,0.0,53.05,9975.09,0.0,592951.63,276726.65,9975.09,326200.07
ID_000585,German_Native,Male,24,24.0,High (Tertiary),C1/C2,0.0,62232.7,0.0,4.97,4012.08,0.0,0.0,525.16,4012.08,3486.92
ID_000586,German_Native,Male,73,73.0,Medium (Vocational),C1/C2,0.0,0.0,0.0,46.73,31273.54,76383.61,0.0,1276.72,107657.15,106380.43
ID_000587,German_Native,Male,58,58.0,High (Tertiary),C1/C2,0.0,50165.7,0.0,36.69,6274.98,7871.23,376042.2,29400.42,14146.21,360787.99
ID_000588,German_Native,Male,74,74.0,Low,C1/C2,0.0,0.0,0.0,45.8,7803.0,0.0,0.0,5193.28,7803.0,2609.72
ID_000589,German_Native,Female,44,44.0,Medium (Vocational),C1/C2,0.0,34336.2,0.0,19.46,2333.54,2005.15,439662.28,246794.3,4338.69,197206.67
ID_000590,German_Native,Male,57,57.0,Medium (Vocational),C1/C2,0.0,89003.72,0.0,55.73,3338.99,0.0,0.0,0.0,3338.99,3338.99
ID_000591,German_Native,Male,70,70.0,Medium (Vocational),C1/C2,0.0,0.0,0.0,40.14,5197.94,66011.22,0.0,0.0,71209.16,71209.16
ID_000592,German_Native,Male,33,33.0,High (Tertiary),C1/C2,0.0,84775.51,0.0,23.53,2418.81,24047.34,0.0,0.0,26466.15,26466.15
ID_000593,German_Native,Male,35,35.0,High (Tertiary),C1/C2,0.0,58889.3,0.0,14.51,2345.43,3238.96,0.0,0.0,5584.39,5584.39
ID_000594,German_Native,Female,34,34.0,Low,C1/C2,0.0,37593.75,0.0,15.71,2801.5,0.0,0.0,0.0,2801.5,2801.5
ID_000595,Ukrainian_Refugee_2022plus,Female,47,1.4,Medium (Vocational),B1,0.1,51793.19,119.67,0.88,736.86,0.0,0.0,0.0,736.86,736.86
ID_000596,German_Native,Female,18,18.0,Medium (Vocational),C1/C2,0.0,59723.73,0.0,0.0,636.68,0.0,0.0,0.0,636.68,636.68
ID_000597,General_Migrant,Male,51,7.0,Low,B2,0.04,24421.91,101.81,2.88,2452.46,0.0,0.0,0.0,2452.46,2452.46
ID_000598,German_Native,Female,42,42.0,Medium (Vocational),C1/C2,0.0,40045.86,0.0,21.09,2343.7,0.0,0.0,0.0,2343.7,2343.7
ID_000599,German_Native,Male,44,44.0,Medium (Vocational),C1/C2,0.0,82716.5,0.0,35.04,17485.61,0.0,290092.03,138453.67,17485.61,169123.97
ID_000600,German_Native,Female,59,59.0,High (Tertiary),C1/C2,0.0,89586.39,0.0,67.16,2343.17,0.0,0.0,0.0,2343.17,2343.17
ID_000601,German_Native,Female,24,24.0,Medium (Vocational),C1/C2,0.0,55785.29,0.0,10.69,4962.41,0.0,0.0,0.0,4962.41,4962.41
ID_000602,German_Native,Female,39,39.0,High (Tertiary),C1/C2,0.0,75038.2,0.0,26.55,4117.28,0.0,0.0,371.43,4117.28,3745.85
ID_000603,German_Native,Male,62,62.0,Medium (Vocational),C1/C2,0.0,52612.55,0.0,46.31,2319.76,18598.02,0.0,0.0,20917.78,20917.78
ID_000604,German_Native,Female,32,32.0,Low,C1/C2,0.0,30002.62,0.0,13.64,698.49,0.0,0.0,822.8,698.49,-124.31
ID_000605,German_Native,Male,40,40.0,Low,C1/C2,0.0,36736.68,0.0,13.76,6677.1,0.0,291068.16,238382.59,6677.1,59362.67
ID_000606,German_Native,Male,34,34.0,Medium (Vocational),C1/C2,0.0,60715.15,0.0,16.46,7883.71,0.0,0.0,0.0,7883.71,7883.71
ID_000607,German_Native,Male,66,66.0,Medium (Vocational),C1/C2,0.0,49735.33,0.0,38.37,9344.58,0.0,518774.16,0.0,9344.58,528118.74
ID_000608,German_Native,Male,23,23.0,Medium (Vocational),C1/C2,0.0,39500.64,0.0,2.08,2024.74,0.0,0.0,0.0,2024.74,2024.74
ID_000609,German_Native,Male,29,29.0,Medium (Vocational),C1/C2,0.0,66699.0,0.0,9.87,1776.05,0.0,0.0,1042.79,1776.05,733.26
ID_000610,General_Migrant,Male,41,19.1,High (Tertiary),B2,0.04,63401.36,30.99,25.61,24223.51,0.0,0.0,3647.9,24223.51,20575.61
ID_000611,German_Native,Male,62,62.0,High (Tertiary),C1/C2,0.0,69451.58,0.0,55.78,3965.38,0.0,395916.36,0.0,3965.38,399881.74
ID_000612,General_Migrant,Female,48,3.4,Medium (Vocational),B2,0.04,37095.57,99.29,4.9,13254.03,0.0,0.0,0.0,13254.03,13254.03
ID_000613,German_Native,Male,34,34.0,High (Tertiary),C1/C2,0.0,40579.71,0.0,11.61,5379.63,27787.9,0.0,0.0,33167.53,33167.53
ID_000614,German_Native,Male,35,35.0,Low,C1/C2,0.0,59760.37,0.0,15.82,6244.76,0.0,0.0,624.23,6244.76,5620.53
ID_000615,Ukrainian_Refugee_2022plus,Female,44,1.5,High (Tertiary),A1/A2,0.28,32873.73,385.32,0.66,2065.31,0.0,0.0,0.0,2065.31,2065.31
ID_000616,Migrant_2ndGen,Female,30,30.0,High (Tertiary),C1/C2,0.02,35215.2,5.89,10.28,2085.22,0.0,0.0,0.0,2085.22,2085.22
ID_000617,German_Native,Male,18,18.0,Medium (Vocational),C1/C2,0.0,26218.61,0.0,0.0,464.03,0.0,0.0,0.0,464.03,464.03
ID_000618,German_Native,Male,74,74.0,High (Tertiary),C1/C2,0.0,0.0,0.0,49.42,15452.9,0.0,0.0,0.0,15452.9,15452.9
ID_000619,General_Migrant,Male,32,31.5,Medium (Vocational),B2,0.04,46078.73,60.53,11.27,3664.93,8863.45,0.0,0.0,12528.38,12528.38
ID_000620,General_Migrant,Female,31,5.9,Medium (Vocational),A1/A2,0.04,24913.19,47.71,2.62,1672.74,500.0,0.0,0.0,2172.74,2172.74
ID_000621,German_Native,Female,44,44.0,Medium (Vocational),C1/C2,0.0,63813.4,0.0,30.1,2767.62,0.0,0.0,198.07,2767.62,2569.55
ID_000622,German_Native,Female,47,47.0,Medium (Vocational),C1/C2,0.0,87420.77,0.0,51.43,4766.31,0.0,0.0,0.0,4766.31,4766.31
ID_000623,German_Native,Male,18,18.0,Medium (Vocational),C1/C2,0.0,22812.57,0.0,0.0,3962.08,500.0,0.0,0.0,4462.08,4462.08
ID_000624,German_Native,Female,63,63.0,Medium (Vocational),C1/C2,0.0,42191.92,0.0,36.66,10816.74,0.0,502056.78,0.0,10816.74,512873.52
ID_000625,German_Native,Male,59,59.0,Medium (Vocational),C1/C2,0.0,48713.18,0.0,38.19,1416.95,59173.82,0.0,0.0,60590.77,60590.77
ID_000626,German_Native,Female,46,46.0,Medium (Vocational),C1/C2,0.0,52109.0,0.0,26.71,3311.64,8913.73,432529.11,192784.2,12225.37,251970.28
ID_000627,German_Native,Female,45,45.0,High (Tertiary),C1/C2,0.0,112423.09,0.0,48.91,3366.98,0.0,0.0,13874.0,3366.98,-10507.02
ID_000628,General_Migrant,Female,61,22.3,Medium (Vocational),A1/A2,0.04,68073.83,299.16,30.84,7355.73,0.0,0.0,0.0,7355.73,7355.73
ID_000629,German_Native,Female,48,48.0,Low,C1/C2,0.0,73611.45,0.0,42.54,3279.46,0.0,0.0,0.0,3279.46,3279.46
ID_000630,German_Native,Female,61,61.0,Medium (Vocational),C1/C2,0.0,72510.98,0.0,54.65,769.01,2525.64,0.0,0.0,3294.65,3294.65
ID_000631,General_Migrant,Male,54,17.7,High (Tertiary),B1,0.12,35678.17,129.93,10.04,5949.26,0.0,0.0,0.0,5949.26,5949.26
ID_000632,Ukrainian_Refugee_2022plus,Female,43,2.2,High (Tertiary),B1,0.28,29332.58,299.64,0.97,1983.37,0.0,0.0,0.0,1983.37,1983.37
ID_000633,German_Native,Female,49,49.0,Low,C1/C2,0.0,55214.09,0.0,36.77,3062.09,2473.05,389303.64,170513.78,5535.14,224325.0
ID_000634,German_Native,Female,33,33.0,High (Tertiary),C1/C2,0.0,62066.97,0.0,17.17,3869.18,0.0,0.0,788.53,3869.18,3080.65
ID_000635,German_Native,Female,43,43.0,Medium (Vocational),C1/C2,0.0,55378.16,0.0,21.55,8400.33,10012.57,194582.08,107933.13,18412.9,105061.85
ID_000636,German_Native,Female,21,21.0,High (Tertiary),C1/C2,0.0,50150.14,0.0,0.0,772.27,0.0,0.0,0.0,772.27,772.27
ID_000637,German_Native,Female,47,47.0,High (Tertiary),C1/C2,0.0,41361.86,0.0,21.92,2029.87,10898.84,448984.84,175207.11,12928.71,286706.44
ID_000638,German_Native,Female,32,32.0,Medium (Vocational),C1/C2,0.0,60608.91,0.0,12.65,1719.26,10813.47,0.0,0.0,12532.73,12532.73
ID_000639,German_Native,Male,40,40.0,High (Tertiary),C1/C2,0.0,74294.73,0.0,25.56,2203.47,0.0,233268.93,138193.68,2203.47,97278.72
ID_000640,German_Native,Female,26,26.0,High (Tertiary),C1/C2,0.0,42329.8,0.0,5.21,127.29,0.0,0.0,0.0,127.29,127.29
ID_000641,German_Native,Male,48,48.0,Medium (Vocational),C1/C2,0.0,38586.64,0.0,23.17,20487.92,0.0,380472.21,161708.78,20487.92,239251.35
ID_000642,German_Native,Male,68,68.0,High (Tertiary),C1/C2,0.0,0.0,0.0,45.93,6101.12,0.0,0.0,484.36,6101.12,5616.76
ID_000643,German_Native,Female,72,72.0,Medium (Vocational),C1/C2,0.0,0.0,0.0,50.79,78319.78,0.0,0.0,3.79,78319.78,78315.99
ID_000644,German_Native,Male,51,51.0,Medium (Vocational),C1/C2,0.0,84276.84,0.0,44.01,4174.27,0.0,0.0,0.0,4174.27,4174.27
ID_000645,German_Native,Male,60,60.0,High (Tertiary),C1/C2,0.0,45778.76,0.0,40.2,54366.95,0.0,0.0,0.0,54366.95,54366.95
ID_000646,Ukrainian_Refugee_2022plus,Female,44,3.9,Medium (Vocational),A1/A2,0.1,27766.64,59.96,1.53,2235.4,13169.66,0.0,0.0,15405.06,15405.06
ID_000647,German_Native,Male,52,52.0,Medium (Vocational),C1/C2,0.0,113942.41,0.0,63.28,11370.47,0.0,0.0,0.0,11370.47,11370.47
ID_000648,General_Migrant,Female,22,18.1,Medium (Vocational),B1,0.04,23730.35,97.46,4.0,100.0,0.0,0.0,0.0,100.0,100.0
ID_000649,General_Migrant,Female,43,12.5,High (Tertiary),B1,0.12,108775.7,7.04,25.59,3513.18,1673.47,596244.59,368640.86,5186.65,232790.38
ID_000650,German_Native,Female,18,18.0,High (Tertiary),C1/C2,0.0,24808.99,0.0,0.0,2203.76,0.0,0.0,0.0,2203.76,2203.76
ID_000651,German_Native,Male,51,51.0,Medium (Vocational),C1/C2,0.0,67527.93,0.0,44.92,14150.09,4899.28,0.0,0.0,19049.37,19049.37
ID_000652,German_Native,Male,28,28.0,High (Tertiary),C1/C2,0.0,37542.82,0.0,5.14,827.65,500.0,0.0,0.0,1327.65,1327.65
ID_000653,German_Native,Female,42,42.0,High (Tertiary),C1/C2,0.0,59656.38,0.0,25.62,2434.33,0.0,298429.3,184881.67,2434.33,115981.96
ID_000654,General_Migrant,Female,56,10.1,High (Tertiary),A1/A2,0.12,65318.59,68.88,12.55,5351.81,0.0,413728.53,54209.87,5351.81,364870.47
ID_000655,German_Native,Female,42,42.0,High (Tertiary),C1/C2,0.0,79582.78,0.0,36.39,13253.77,14402.88,0.0,0.0,27656.65,27656.65
ID_000656,German_Native,Female,36,36.0,Medium (Vocational),C1/C2,0.0,53948.42,0.0,17.96,4229.17,0.0,0.0,0.0,4229.17,4229.17
ID_000657,German_Native,Male,40,40.0,Medium (Vocational),C1/C2,0.0,57546.89,0.0,21.57,17917.02,0.0,0.0,1350.8,17917.02,16566.22
ID_000658,German_Native,Female,55,55.0,Medium (Vocational),C1/C2,0.0,38605.95,0.0,30.65,15458.51,0.0,309296.86,54279.37,15458.51,270476.0
ID_000659,German_Native,Male,85,85.0,Medium (Vocational),C1/C2,0.0,0.0,0.0,62.99,22844.77,0.0,0.0,0.0,22844.77,22844.77
ID_000660,German_Native,Male,18,18.0,High (Tertiary),C1/C2,0.0,23891.62,0.0,0.0,1115.29,0.0,0.0,0.0,1115.29,1115.29
ID_000661,German_Native,Male,46,46.0,Medium (Vocational),C1/C2,0.0,38490.43,0.0,18.42,3977.74,0.0,510549.61,254102.45,3977.74,260424.9
ID_000662,Migrant_2ndGen,Male,28,28.0,High (Tertiary),C1/C2,0.02,34226.16,38.68,5.66,296.93,33140.15,472295.54,575489.39,33437.08,-69756.77
ID_000663,German_Native,Female,79,79.0,High (Tertiary),C1/C2,0.0,0.0,0.0,53.09,952.23,33303.32,0.0,2181.72,34255.55,32073.83
ID_000664,German_Native,Female,38,38.0,Medium (Vocational),C1/C2,0.0,30971.13,0.0,12.41,2277.75,0.0,0.0,0.0,2277.75,2277.75
ID_000665,German_Native,Female,45,45.0,High (Tertiary),C1/C2,0.0,57006.78,0.0,25.18,16740.56,0.0,397794.38,260817.17,16740.56,153717.77
ID_000666,German_Native,Male,37,37.0,Medium (Vocational),C1/C2,0.0,62961.18,0.0,21.51,2852.8,26229.89,0.0,0.0,29082.69,29082.69
ID_000667,German_Native,Male,54,54.0,Medium (Vocational),C1/C2,0.0,52954.48,0.0,36.51,8511.81,0.0,611852.32,128057.6,8511.81,492306.53
ID_000668,German_Native,Female,62,62.0,High (Tertiary),C1/C2,0.0,71031.1,0.0,65.25,4835.21,5539.89,0.0,0.0,10375.1,10375.1
ID_000669,German_Native,Female,18,18.0,High (Tertiary),C1/C2,0.0,25243.22,0.0,0.0,432.04,0.0,0.0,0.0,432.04,432.04
ID_000670,German_Native,Male,49,49.0,Low,C1/C2,0.0,69309.11,0.0,33.38,3704.39,0.0,254988.05,110483.73,3704.39,148208.71
ID_000671,German_Native,Male,20,20.0,Medium (Vocational),C1/C2,0.0,64053.71,0.0,0.0,317.28,0.0,0.0,0.0,317.28,317.28
ID_000672,Ukrainian_Refugee_2022plus,Female,39,0.6,High (Tertiary),B1,0.28,24513.22,84.45,0.0,665.39,0.0,0.0,0.0,665.39,665.39
ID_000673,German_Native,Male,18,18.0,Medium (Vocational),C1/C2,0.0,39981.7,0.0,0.0,2381.73,0.0,0.0,0.0,2381.73,2381.73
ID_000674,German_Native,Female,44,44.0,Medium (Vocational),C1/C2,0.0,24339.36,0.0,12.14,3797.68,6738.78,494339.06,303276.06,10536.46,201599.46
ID_000675,German_Native,Female,48,48.0,High (Tertiary),C1/C2,0.0,100530.74,0.0,60.39,6868.77,9743.01,371441.63,186263.68,16611.78,201789.73
ID_000676,Migrant_2ndGen,Male,27,27.0,High (Tertiary),C1/C2,0.02,32879.62,3.4,4.72,207.24,5415.72,0.0,0.0,5622.96,5622.96
ID_000677,German_Native,Female,61,61.0,High (Tertiary),C1/C2,0.0,40425.12,0.0,30.41,2481.09,0.0,176713.56,0.0,2481.09,179194.65
ID_000678,German_Native,Male,20,20.0,Low,C1/C2,0.0,45148.52,0.0,0.0,2068.53,0.0,0.0,198.91,2068.53,1869.62
ID_000679,Migrant_2ndGen,Female,23,23.0,Medium (Vocational),C1/C2,0.02,48908.77,18.98,5.85,986.16,0.0,0.0,0.0,986.16,986.16
ID_000680,General_Refugee,Male,37,10.2,Medium (Vocational),C1/C2,0.08,36862.35,37.98,6.31,13909.67,0.0,327251.55,322200.02,13909.67,18961.2
ID_000681,General_Refugee,Male,32,10.9,Low,B2,0.08,22991.96,7.76,4.0,2536.76,0.0,0.0,0.0,2536.76,2536.76
ID_000682,German_Native,Female,52,52.0,Medium (Vocational),C1/C2,0.0,33347.1,0.0,25.48,52518.52,52471.5,0.0,0.0,104990.02,104990.02
ID_000683,German_Native,Male,34,34.0,Low,C1/C2,0.0,36127.03,0.0,9.58,1531.89,0.0,0.0,0.0,1531.89,1531.89
ID_000684,General_Migrant,Female,51,33.8,Medium (Vocational),B2,0.04,63222.49,109.06,35.53,5552.73,0.0,0.0,1333.76,5552.73,4218.97
ID_000685,Migrant_2ndGen,Female,18,18.0,Medium (Vocational),C1/C2,0.02,36626.94,23.66,0.0,100.0,5326.64,0.0,0.0,5426.64,5426.64
ID_000686,German_Native,Male,33,33.0,Medium (Vocational),C1/C2,0.0,39229.24,0.0,9.76,2631.52,0.0,0.0,0.0,2631.52,2631.52
ID_000687,German_Native,Male,21,21.0,High (Tertiary),C1/C2,0.0,53384.91,0.0,0.0,1753.75,0.0,0.0,0.0,1753.75,1753.75
ID_000688,German_Native,Male,53,53.0,Medium (Vocational),C1/C2,0.0,131733.21,0.0,57.79,28021.59,0.0,368781.56,89355.95,28021.59,307447.2
ID_000689,General_Migrant,Female,43,33.8,High (Tertiary),A1/A2,0.12,40286.24,85.23,15.41,7714.21,0.0,0.0,0.0,7714.21,7714.21
ID_000690,German_Native,Male,56,56.0,High (Tertiary),C1/C2,0.0,59333.75,0.0,38.69,34133.6,15844.02,251620.97,38292.82,49977.62,263305.77
ID_000691,German_Native,Male,34,34.0,High (Tertiary),C1/C2,0.0,70565.24,0.0,16.8,1266.22,0.0,0.0,0.0,1266.22,1266.22
ID_000692,German_Native,Male,50,50.0,High (Tertiary),C1/C2,0.0,74714.23,0.0,48.22,4454.31,7379.15,0.0,0.0,11833.46,11833.46
ID_000693,German_Native,Female,67,67.0,High (Tertiary),C1/C2,0.0,0.0,0.0,43.5,30267.11,0.0,230379.36,0.0,30267.11,260646.47
ID_000694,German_Native,Female,65,65.0,High (Tertiary),C1/C2,0.0,35688.94,0.0,33.48,16128.31,26105.68,0.0,0.0,42233.99,42233.99
ID_000695,German_Native,Male,38,38.0,Medium (Vocational),C1/C2,0.0,25183.06,0.0,7.72,1158.35,0.0,0.0,0.0,1158.35,1158.35
ID_000696,German_Native,Male,48,48.0,Medium (Vocational),C1/C2,0.0,86952.45,0.0,40.79,7237.25,0.0,372015.55,174564.04,7237.25,204688.76
ID_000697,German_Native,Male,45,45.0,Low,C1/C2,0.0,56110.06,0.0,28.15,14310.41,9049.18,485586.38,305701.38,23359.59,203244.59
ID_000698,German_Native,Male,83,83.0,High (Tertiary),C1/C2,0.0,0.0,0.0,46.61,10984.73,0.0,464966.8,0.0,10984.73,475951.53
ID_000699,German_Native,Female,40,40.0,High (Tertiary),C1/C2,0.0,62748.48,0.0,27.36,3310.78,0.0,202522.08,128539.94,3310.78,77292.92
ID_000700,German_Native,Female,68,68.0,Medium (Vocational),C1/C2,0.0,0.0,0.0,40.13,18718.75,0.0,459787.07,0.0,18718.75,478505.82
ID_000701,German_Native,Female,76,76.0,High (Tertiary),C1/C2,0.0,0.0,0.0,46.74,28007.39,0.0,0.0,0.0,28007.39,28007.39
ID_000702,German_Native,Male,67,67.0,High (Tertiary),C1/C2,0.0,0.0,0.0,43.5,3671.15,0.0,0.0,0.0,3671.15,3671.15
ID_000703,German_Native,Female,31,31.0,Low,C1/C2,0.0,47752.16,0.0,9.28,1445.16,0.0,0.0,0.0,1445.16,1445.16
ID_000704,German_Native,Female,54,54.0,Medium (Vocational),C1/C2,0.0,51073.32,0.0,41.11,5894.67,7800.81,393302.26,89961.02,13695.48,317036.72
ID_000705,German_Native,Male,64,64.0,Medium (Vocational),C1/C2,0.0,38031.87,0.0,33.94,84374.01,0.0,0.0,0.0,84374.01,84374.01
ID_000706,Migrant_2ndGen,Male,27,27.0,Medium (Vocational),C1/C2,0.02,25941.85,3.23,3.32,1342.24,0.0,0.0,0.0,1342.24,1342.24
ID_000707,German_Native,Male,46,46.0,High (Tertiary),C1/C2,0.0,109718.9,0.0,51.17,3073.09,0.0,0.0,0.0,3073.09,3073.09
ID_000708,General_Migrant,Male,27,10.6,Low,B2,0.04,32281.33,81.38,4.93,903.39,7288.74,0.0,0.0,8192.13,8192.13
ID_000709,German_Native,Female,54,54.0,Medium (Vocational),C1/C2,0.0,44675.56,0.0,29.12,321.15,33885.12,327173.67,81668.77,34206.27,279711.17
ID_000710,General_Migrant,Female,28,20.3,Low,C1/C2,0.04,28515.21,122.67,7.74,1056.32,0.0,0.0,0.0,1056.32,1056.32
ID_000711,General_Migrant,Male,31,4.9,Medium (Vocational),B2,0.04,38170.02,24.81,3.1,805.98,0.0,0.0,0.0,805.98,805.98
ID_000712,German_Native,Female,53,53.0,Medium (Vocational),C1/C2,0.0,40120.92,0.0,30.78,4291.24,0.0,0.0,0.0,4291.24,4291.24
ID_000713,German_Native,Male,39,39.0,High (Tertiary),C1/C2,0.0,73701.64,0.0,24.34,1804.56,0.0,0.0,0.0,1804.56,1804.56
ID_000714,German_Native,Male,56,56.0,Low,C1/C2,0.0,129150.15,0.0,76.53,45074.22,100915.81,0.0,0.0,145990.03,145990.03
ID_000715,German_Native,Male,50,50.0,Medium (Vocational),C1/C2,0.0,139336.11,0.0,49.78,10593.95,4196.79,0.0,0.0,14790.74,14790.74
ID_000716,Migrant_2ndGen,Male,23,23.0,High (Tertiary),C1/C2,0.02,56219.26,105.0,2.98,387.23,0.0,0.0,917.66,387.23,-530.43
ID_000717,General_Refugee,Male,41,10.2,High (Tertiary),B1,0.22,44966.85,59.08,9.78,1789.18,0.0,0.0,281.99,1789.18,1507.19
ID_000718,Migrant_2ndGen,Male,18,18.0,Medium (Vocational),C1/C2,0.02,30833.22,74.44,0.0,720.5,773.79,373339.66,451090.9,1494.29,-76256.95
ID_000719,German_Native,Female,28,28.0,High (Tertiary),C1/C2,0.0,103231.48,0.0,17.39,1788.2,8188.86,0.0,0.0,9977.06,9977.06
ID_000720,General_Migrant,Male,34,13.1,High (Tertiary),B2,0.04,58562.58,40.85,12.79,1604.6,0.0,0.0,0.0,1604.6,1604.6
ID_000721,Migrant_2ndGen,Female,30,30.0,High (Tertiary),C1/C2,0.02,45098.06,1.27,10.48,1052.09,4134.52,0.0,2559.43,5186.61,2627.18
ID_000722,German_Native,Female,64,64.0,Medium (Vocational),C1/C2,0.0,42707.17,0.0,36.42,20379.88,0.0,0.0,385.48,20379.88,19994.4
ID_000723,German_Native,Male,31,31.0,Medium (Vocational),C1/C2,0.0,59795.25,0.0,12.87,1168.81,0.0,0.0,0.0,1168.81,1168.81
ID_000724,General_Migrant,Male,50,30.6,High (Tertiary),B2,0.04,87783.68,387.6,52.02,2252.11,9965.22,0.0,0.0,12217.33,12217.33
ID_000725,German_Native,Female,59,59.0,Medium (Vocational),C1/C2,0.0,65842.87,0.0,49.74,15352.68,0.0,575017.38,20225.01,15352.68,570145.05
ID_000726,General_Refugee,Male,34,10.6,High (Tertiary),B2,0.08,77037.03,364.77,13.56,453.32,0.0,0.0,0.0,453.32,453.32
ID_000727,German_Native,Female,20,20.0,Medium (Vocational),C1/C2,0.0,37308.11,0.0,0.0,122.4,500.0,0.0,3015.07,622.4,-2392.67
ID_000728,General_Migrant,Female,37,21.1,Low,B1,0.04,32010.3,205.08,14.67,1641.96,0.0,0.0,0.0,1641.96,1641.96
ID_000729,German_Native,Male,39,39.0,High (Tertiary),C1/C2,0.0,75057.35,0.0,28.63,4733.02,10897.79,0.0,0.0,15630.81,15630.81
ID_000730,German_Native,Male,37,37.0,Medium (Vocational),C1/C2,0.0,46501.19,0.0,13.17,24609.48,0.0,0.0,0.0,24609.48,24609.48
ID_000731,German_Native,Male,44,44.0,Medium (Vocational),C1/C2,0.0,79037.82,0.0,34.26,1754.63,0.0,406917.66,190889.95,1754.63,217782.34
ID_000732,General_Refugee,Male,46,9.2,Low,B2,0.08,60559.02,210.33,9.12,830.93,16985.74,0.0,0.0,17816.67,17816.67
ID_000733,General_Migrant,Female,32,17.9,Medium (Vocational),C1/C2,0.04,37599.54,62.81,13.48,10893.13,0.0,0.0,0.0,10893.13,10893.13
ID_000734,German_Native,Male,40,40.0,Medium (Vocational),C1/C2,0.0,60053.45,0.0,20.69,5103.51,0.0,0.0,0.0,5103.51,5103.51
ID_000735,German_Native,Female,40,40.0,Low,C1/C2,0.0,38999.23,0.0,16.56,1285.94,0.0,0.0,0.0,1285.94,1285.94
ID_000736,Ukrainian_Refugee_2022plus,Female,50,2.6,High (Tertiary),B1,0.28,28231.2,30.73,1.25,908.69,0.0,0.0,0.0,908.69,908.69
ID_000737,German_Native,Male,71,71.0,Medium (Vocational),C1/C2,0.0,0.0,0.0,38.8,38770.82,0.0,365514.11,0.0,38770.82,404284.93
ID_000738,General_Refugee,Male,35,10.1,Medium (Vocational),B2,0.08,50242.59,302.4,9.31,1427.84,0.0,0.0,1024.47,1427.84,403.37
ID_000739,German_Native,Female,20,20.0,Medium (Vocational),C1/C2,0.0,20578.65,0.0,0.0,301.08,0.0,0.0,0.0,301.08,301.08
ID_000740,German_Native,Male,64,64.0,High (Tertiary),C1/C2,0.0,83118.81,0.0,72.2,10855.22,4083.91,314641.64,0.0,14939.13,329580.77
ID_000741,German_Native,Female,46,46.0,Medium (Vocational),C1/C2,0.0,102715.94,0.0,57.14,6897.58,0.0,0.0,0.0,6897.58,6897.58
ID_000742,German_Native,Female,52,52.0,High (Tertiary),C1/C2,0.0,70830.71,0.0,43.62,13936.98,0.0,445884.88,120997.45,13936.98,338824.41
ID_000743,General_Migrant,Female,29,11.3,High (Tertiary),C1/C2,0.04,73279.82,204.21,10.85,1487.64,0.0,0.0,530.56,1487.64,957.08
ID_000744,German_Native,Male,45,45.0,Low,C1/C2,0.0,54033.18,0.0,23.6,4754.3,0.0,0.0,0.0,4754.3,4754.3
ID_000745,German_Native,Female,36,36.0,Medium (Vocational),C1/C2,0.0,67925.61,0.0,22.9,8510.07,0.0,0.0,5466.17,8510.07,3043.9
ID_000746,Ukrainian_Refugee_2022plus,Male,38,3.2,High (Tertiary),B1,0.28,29388.9,172.57,1.61,1935.88,0.0,0.0,0.0,1935.88,1935.88
ID_000747,German_Native,Male,42,42.0,High (Tertiary),C1/C2,0.0,75203.83,0.0,32.55,9326.76,0.0,0.0,0.0,9326.76,9326.76
ID_000748,German_Native,Male,34,34.0,High (Tertiary),C1/C2,0.0,86113.99,0.0,23.36,1396.05,8853.15,0.0,0.0,10249.2,10249.2
ID_000749,Ukrainian_Migrant_Pre2022,Female,59,13.6,High (Tertiary),C1/C2,0.03,111203.83,15.34,34.77,2344.73,0.0,0.0,0.0,2344.73,2344.73
ID_000750,German_Native,Female,32,32.0,Medium (Vocational),C1/C2,0.0,25460.03,0.0,5.54,4687.99,0.0,0.0,674.97,4687.99,4013.02
ID_000751,German_Native,Female,44,44.0,Low,C1/C2,0.0,99417.59,0.0,50.01,7887.02,0.0,0.0,0.0,7887.02,7887.02
ID_000752,Migrant_2ndGen,Female,38,38.0,Medium (Vocational),C1/C2,0.02,45316.33,44.33,15.16,4176.88,0.0,0.0,0.0,4176.88,4176.88
ID_000753,German_Native,Male,39,39.0,High (Tertiary),C1/C2,0.0,77083.2,0.0,24.93,2220.18,2896.26,0.0,0.0,5116.44,5116.44
ID_000754,German_Native,Female,51,51.0,High (Tertiary),C1/C2,0.0,70867.0,0.0,43.12,3954.71,0.0,342212.61,110858.89,3954.71,235308.43
ID_000755,German_Native,Male,52,52.0,Medium (Vocational),C1/C2,0.0,64647.05,0.0,39.57,3180.13,0.0,0.0,1779.37,3180.13,1400.76
ID_000756,General_Migrant,Female,18,13.8,High (Tertiary),A1/A2,0.12,37853.13,111.48,0.0,100.0,0.0,0.0,3378.79,100.0,-3278.79
ID_000757,German_Native,Female,57,57.0,Medium (Vocational),C1/C2,0.0,45737.72,0.0,31.39,28667.86,6596.77,0.0,0.0,35264.63,35264.63
ID_000758,German_Native,Female,65,65.0,Medium (Vocational),C1/C2,0.0,49346.33,0.0,50.51,5835.8,0.0,196703.55,0.0,5835.8,202539.35
ID_000759,Ukrainian_Refugee_2022plus,Female,42,1.9,High (Tertiary),B1,0.28,51843.08,512.43,1.14,267.85,500.0,0.0,6438.73,767.85,-5670.88
ID_000760,General_Migrant,Female,55,11.6,Low,B1,0.04,57268.46,33.1,13.64,3446.21,0.0,419041.36,61869.28,3446.21,360618.29
ID_000761,German_Native,Male,69,69.0,Medium (Vocational),C1/C2,0.0,0.0,0.0,44.12,8603.78,0.0,387901.81,0.0,8603.78,396505.59
ID_000762,German_Native,Female,40,40.0,Medium (Vocational),C1/C2,0.0,55480.32,0.0,26.54,2887.2,0.0,425253.14,309347.12,2887.2,118793.22
ID_000763,German_Native,Male,70,70.0,Medium (Vocational),C1/C2,0.0,0.0,0.0,37.53,3401.62,0.0,436966.1,0.0,3401.62,440367.72
ID_000764,General_Migrant,Female,40,28.4,High (Tertiary),B2,0.04,44920.69,195.01,19.57,1721.56,15456.8,0.0,7187.98,17178.36,9990.38
ID_000765,German_Native,Female,40,40.0,Medium (Vocational),C1/C2,0.0,62198.82,0.0,25.27,19927.44,5590.48,359619.56,248135.57,25517.92,137001.91
ID_000766,German_Native,Male,52,52.0,Medium (Vocational),C1/C2,0.0,85508.98,0.0,60.06,23587.3,22649.88,282734.23,98255.24,46237.18,230716.17
ID_000767,General_Migrant,Female,29,3.0,Medium (Vocational),B1,0.04,21784.52,37.57,4.19,115.24,0.0,0.0,2260.72,115.24,-2145.48
ID_000768,Ukrainian_Refugee_2022plus,Male,40,2.5,High (Tertiary),A1/A2,0.28,27484.86,135.42,1.0,2120.98,0.0,0.0,0.0,2120.98,2120.98
ID_000769,German_Native,Female,31,31.0,High (Tertiary),C1/C2,0.0,49007.21,0.0,11.39,2511.21,18795.69,0.0,0.0,21306.9,21306.9
ID_000770,General_Refugee,Female,39,11.1,Low,C1/C2,0.08,38684.79,292.18,8.97,2795.36,0.0,0.0,76.79,2795.36,2718.57
ID_000771,German_Native,Female,70,70.0,Low,C1/C2,0.0,0.0,0.0,41.89,14103.73,0.0,437837.39,0.0,14103.73,451941.12
ID_000772,General_Refugee,Male,54,8.5,Medium (Vocational),B2,0.08,20849.92,91.06,3.54,4771.26,0.0,0.0,0.0,4771.26,4771.26
ID_000773,German_Native,Male,38,38.0,Medium (Vocational),C1/C2,0.0,99413.53,0.0,31.74,2800.74,0.0,0.0,2069.24,2800.74,731.5
ID_000774,German_Native,Female,50,50.0,Medium (Vocational),C1/C2,0.0,66252.96,0.0,39.37,4042.99,0.0,0.0,0.0,4042.99,4042.99
ID_000775,General_Migrant,Female,36,26.5,Low,B2,0.04,41759.02,79.36,16.9,3224.48,0.0,469542.18,477846.02,3224.48,-5079.36
ID_000776,German_Native,Male,44,44.0,Medium (Vocational),C1/C2,0.0,34041.55,0.0,15.45,9200.72,0.0,0.0,0.0,9200.72,9200.72
ID_000777,German_Native,Female,18,18.0,Medium (Vocational),C1/C2,0.0,23189.54,0.0,0.0,844.8,0.0,0.0,1070.08,844.8,-225.28
ID_000778,General_Migrant,Male,47,13.4,Medium (Vocational),B2,0.04,38590.93,54.28,10.76,900.35,17525.84,0.0,3311.37,18426.19,15114.82
ID_000779,General_Migrant,Male,45,31.8,High (Tertiary),A1/A2,0.12,56276.34,161.17,27.09,2543.75,0.0,588505.58,326681.07,2543.75,264368.26
ID_000780,German_Native,Male,52,52.0,Medium (Vocational),C1/C2,0.0,117676.35,0.0,70.36,8155.19,0.0,473150.4,145505.4,8155.19,335800.19
ID_000781,General_Migrant,Female,43,19.1,Medium (Vocational),B2,0.04,35197.76,5.07,20.79,907.48,10651.31,328906.58,193803.86,11558.79,146661.51
ID_000782,German_Native,Female,84,84.0,Medium (Vocational),C1/C2,0.0,0.0,0.0,50.39,18043.7,0.0,0.0,0.0,18043.7,18043.7
ID_000783,German_Native,Male,72,72.0,Medium (Vocational),C1/C2,0.0,0.0,0.0,48.0,4001.96,0.0,0.0,0.0,4001.96,4001.96
ID_000784,German_Native,Male,74,74.0,Medium (Vocational),C1/C2,0.0,0.0,0.0,43.36,27882.38,0.0,417479.18,0.0,27882.38,445361.56
ID_000785,German_Native,Female,37,37.0,High (Tertiary),C1/C2,0.0,131754.77,0.0,35.1,2568.38,0.0,0.0,0.0,2568.38,2568.38
ID_000786,Ukrainian_Migrant_Pre2022,Male,48,10.1,Medium (Vocational),B2,0.03,60218.13,44.25,9.9,1822.68,0.0,0.0,0.0,1822.68,1822.68
ID_000787,German_Native,Female,56,56.0,High (Tertiary),C1/C2,0.0,66082.06,0.0,49.74,27700.89,0.0,263468.98,33052.17,27700.89,258117.7
ID_000788,German_Native,Female,51,51.0,Medium (Vocational),C1/C2,0.0,44478.21,0.0,23.23,20952.22,0.0,0.0,0.0,20952.22,20952.22
ID_000789,German_Native,Female,35,35.0,Medium (Vocational),C1/C2,0.0,39719.21,0.0,10.5,11003.91,4201.92,0.0,0.0,15205.83,15205.83
ID_000790,Migrant_2ndGen,Male,22,22.0,Medium (Vocational),C1/C2,0.02,27861.51,79.26,1.01,508.06,0.0,0.0,0.0,508.06,508.06
ID_000791,German_Native,Female,43,43.0,High (Tertiary),C1/C2,0.0,36169.1,0.0,14.45,20096.7,7862.02,263629.4,154421.76,27958.72,137166.36
ID_000792,German_Native,Female,27,27.0,High (Tertiary),C1/C2,0.0,66599.14,0.0,11.75,2314.24,0.0,0.0,619.93,2314.24,1694.31
ID_000793,German_Native,Male,49,49.0,Medium (Vocational),C1/C2,0.0,109659.94,0.0,53.05,3004.71,41956.26,367016.3,146332.48,44960.97,265644.79
ID_000794,German_Native,Male,55,55.0,Medium (Vocational),C1/C2,0.0,55700.65,0.0,37.5,1507.4,0.0,584921.64,99801.33,1507.4,486627.71
ID_000795,German_Native,Female,59,59.0,Medium (Vocational),C1/C2,0.0,27265.79,0.0,28.47,4866.83,18157.18,487774.98,20628.3,23024.01,490170.69
ID_000796,Ukrainian_Refugee_2022plus,Male,28,3.9,High (Tertiary),B1,0.28,22691.19,392.98,1.2,100.0,0.0,0.0,456.8,100.0,-356.8
ID_000797,Migrant_2ndGen,Female,51,51.0,Medium (Vocational),C1/C2,0.02,42847.02,39.51,29.24,9618.58,0.0,0.0,467.35,9618.58,9151.23
ID_000798,German_Native,Female,65,65.0,Medium (Vocational),C1/C2,0.0,34145.63,0.0,33.78,13221.88,8638.02,0.0,0.0,21859.9,21859.9
ID_000799,General_Migrant,Female,52,10.2,Medium (Vocational),B2,0.04,46116.88,32.62,10.6,8056.38,0.0,0.0,0.0,8056.38,8056.38
ID_000800,Migrant_2ndGen,Male,22,22.0,High (Tertiary),C1/C2,0.02,56310.1,9.1,2.03,191.4,6088.91,0.0,0.0,6280.31,6280.31
ID_000801,General_Migrant,Male,42,14.2,High (Tertiary),C1/C2,0.04,55148.23,2.63,16.18,10623.73,0.0,0.0,580.92,10623.73,10042.81
ID_000802,German_Native,Female,73,73.0,Medium (Vocational),C1/C2,0.0,0.0,0.0,52.15,23580.03,0.0,415360.17,0.0,23580.03,438940.2
ID_000803,German_Native,Male,18,18.0,Medium (Vocational),C1/C2,0.0,29009.35,0.0,0.0,1056.92,0.0,0.0,0.0,1056.92,1056.92
ID_000804,German_Native,Female,44,44.0,Medium (Vocational),C1/C2,0.0,60666.06,0.0,28.5,855.74,0.0,284042.07,146815.67,855.74,138082.14
ID_000805,German_Native,Female,72,72.0,High (Tertiary),C1/C2,0.0,0.0,0.0,49.77,1580.07,20374.14,0.0,383.81,21954.21,21570.4
ID_000806,General_Migrant,Male,26,34.4,High (Tertiary),B2,0.04,64387.22,94.07,6.49,3514.5,0.0,0.0,0.0,3514.5,3514.5
ID_000807,Migrant_2ndGen,Male,30,30.0,Low,C1/C2,0.02,37937.26,30.95,6.22,7057.99,0.0,0.0,0.0,7057.99,7057.99
ID_000808,Migrant_2ndGen,Male,20,20.0,Medium (Vocational),C1/C2,0.02,44767.18,32.52,0.0,701.03,0.0,0.0,582.63,701.03,118.4
ID_000809,German_Native,Female,66,66.0,Medium (Vocational),C1/C2,0.0,44500.72,0.0,42.51,30722.76,0.0,0.0,0.0,30722.76,30722.76
ID_000810,German_Native,Male,42,42.0,High (Tertiary),C1/C2,0.0,71093.44,0.0,28.68,4772.54,0.0,350749.98,241087.44,4772.54,114435.08
ID_000811,Migrant_2ndGen,Male,37,37.0,High (Tertiary),C1/C2,0.02,57285.3,116.93,20.67,2144.59,0.0,0.0,247.14,2144.59,1897.45
ID_000812,General_Refugee,Male,29,8.6,Low,B2,0.08,36906.72,13.16,6.42,1542.82,0.0,0.0,0.0,1542.82,1542.82
ID_000813,German_Native,Male,40,40.0,Medium (Vocational),C1/C2,0.0,69444.56,0.0,27.28,1103.32,7823.52,343052.44,289021.32,8926.84,62957.96
ID_000814,Migrant_2ndGen,Male,39,39.0,High (Tertiary),C1/C2,0.02,45794.52,54.91,14.79,2823.88,0.0,0.0,0.0,2823.88,2823.88
ID_000815,General_Refugee,Male,44,9.3,Low,B1,0.08,47384.99,71.14,7.7,3002.66,0.0,0.0,0.0,3002.66,3002.66
ID_000816,German_Native,Male,18,18.0,Medium (Vocational),C1/C2,0.0,24405.41,0.0,0.0,120.62,2924.27,0.0,2573.99,3044.89,470.9
ID_000817,German_Native,Female,42,42.0,Medium (Vocational),C1/C2,0.0,98144.25,0.0,41.66,586.21,0.0,0.0,0.0,586.21,586.21
ID_000818,German_Native,Male,55,55.0,Medium (Vocational),C1/C2,0.0,41938.85,0.0,28.34,21925.38,11231.48,0.0,3511.18,33156.86,29645.68
ID_000819,German_Native,Female,35,35.0,Medium (Vocational),C1/C2,0.0,90046.86,0.0,30.27,27847.26,0.0,0.0,3040.5,27847.26,24806.76
ID_000820,German_Native,Male,55,55.0,Low,C1/C2,0.0,42770.84,0.0,25.44,4195.61,0.0,0.0,0.0,4195.61,4195.61
ID_000821,General_Migrant,Male,34,19.3,High (Tertiary),B1,0.12,32088.4,128.81,8.99,2343.41,976.45,0.0,0.0,3319.86,3319.86
ID_000822,German_Native,Male,45,45.0,Medium (Vocational),C1/C2,0.0,42728.44,0.0,17.92,32217.76,0.0,327276.24,157056.86,32217.76,202437.14
ID_000823,German_Native,Male,42,42.0,Medium (Vocational),C1/C2,0.0,111371.06,0.0,48.11,5656.04,0.0,0.0,996.66,5656.04,4659.38
ID_000824,German_Native,Male,55,55.0,Medium (Vocational),C1/C2,0.0,70032.23,0.0,44.73,2982.8,0.0,279433.37,42101.54,2982.8,240314.63
ID_000825,German_Native,Male,60,60.0,Low,C1/C2,0.0,90606.28,0.0,67.72,3546.36,14175.18,0.0,3710.07,17721.54,14011.47
ID_000826,Ukrainian_Migrant_Pre2022,Male,48,17.0,High (Tertiary),C1/C2,0.03,94046.56,70.96,28.07,2926.83,1653.89,0.0,132.28,4580.72,4448.44
ID_000827,German_Native,Male,39,39.0,High (Tertiary),C1/C2,0.0,108084.45,0.0,37.59,20970.27,0.0,0.0,5.2,20970.27,20965.07
ID_000828,German_Native,Female,52,52.0,High (Tertiary),C1/C2,0.0,97271.01,0.0,64.39,2344.88,17597.96,327039.2,91500.24,19942.84,255481.8
ID_000829,General_Migrant,Female,36,32.5,Medium (Vocational),C1/C2,0.04,65007.79,7.92,20.26,2365.6,0.0,0.0,3581.23,2365.6,-1215.63
ID_000830,German_Native,Female,65,65.0,Medium (Vocational),C1/C2,0.0,58812.29,0.0,54.27,12943.81,0.0,0.0,766.97,12943.81,12176.84
ID_000831,German_Native,Male,33,33.0,Medium (Vocational),C1/C2,0.0,45572.16,0.0,11.44,1971.32,3637.78,273292.22,315118.93,5609.1,-36217.61
ID_000832,German_Native,Male,39,39.0,High (Tertiary),C1/C2,0.0,45313.21,0.0,14.4,2579.07,0.0,0.0,1577.87,2579.07,1001.2
ID_000833,German_Native,Male,25,25.0,Medium (Vocational),C1/C2,0.0,26412.79,0.0,2.72,861.41,0.0,0.0,981.34,861.41,-119.93
ID_000834,German_Native,Male,46,46.0,Medium (Vocational),C1/C2,0.0,65697.47,0.0,35.78,1674.95,0.0,0.0,1091.62,1674.95,583.33
ID_000835,German_Native,Male,50,50.0,Medium (Vocational),C1/C2,0.0,125152.3,0.0,65.51,2370.03,0.0,246226.63,99696.66,2370.03,148900.0
ID_000836,German_Native,Female,35,35.0,High (Tertiary),C1/C2,0.0,53860.1,0.0,20.72,1087.76,0.0,0.0,2406.51,1087.76,-1318.75
ID_000837,Ukrainian_Migrant_Pre2022,Male,40,12.5,High (Tertiary),C1/C2,0.03,66398.49,12.65,15.53,3813.58,1480.06,0.0,0.0,5293.64,5293.64
ID_000838,German_Native,Male,46,46.0,Low,C1/C2,0.0,86780.06,0.0,45.22,3523.16,0.0,449901.18,193409.26,3523.16,260015.08
ID_000839,German_Native,Male,57,57.0,Medium (Vocational),C1/C2,0.0,77062.27,0.0,51.36,9738.87,5064.29,0.0,0.0,14803.16,14803.16
ID_000840,German_Native,Female,46,46.0,High (Tertiary),C1/C2,0.0,53684.47,0.0,28.0,27906.58,0.0,526698.88,215566.77,27906.58,339038.69
ID_000841,German_Native,Female,65,65.0,Medium (Vocational),C1/C2,0.0,56827.56,0.0,59.72,4663.44,63169.03,450804.21,0.0,67832.47,518636.68
ID_000842,General_Migrant,Male,41,6.1,High (Tertiary),B2,0.04,24761.32,23.13,2.85,783.87,0.0,450272.73,258993.89,783.87,192062.71
ID_000843,German_Native,Female,33,33.0,Medium (Vocational),C1/C2,0.0,50897.91,0.0,17.5,6418.23,2593.28,0.0,0.0,9011.51,9011.51
ID_000844,Migrant_2ndGen,Male,33,33.0,High (Tertiary),C1/C2,0.02,46922.65,32.58,12.06,11990.19,1607.1,0.0,0.0,13597.29,13597.29
ID_000845,German_Native,Female,60,60.0,High (Tertiary),C1/C2,0.0,47692.94,0.0,34.47,743.41,1950.65,0.0,3914.16,2694.06,-1220.1
ID_000846,German_Native,Male,28,28.0,Medium (Vocational),C1/C2,0.0,37721.84,0.0,5.52,1142.22,0.0,0.0,0.0,1142.22,1142.22
ID_000847,German_Native,Female,40,40.0,Medium (Vocational),C1/C2,0.0,50206.87,0.0,21.2,6183.98,0.0,0.0,0.0,6183.98,6183.98
ID_000848,Migrant_2ndGen,Male,22,22.0,Medium (Vocational),C1/C2,0.02,25724.17,20.96,0.99,1085.11,0.0,0.0,0.0,1085.11,1085.11
ID_000849,German_Native,Female,41,41.0,Medium (Vocational),C1/C2,0.0,90356.42,0.0,34.65,1970.44,0.0,239247.6,146060.7,1970.44,95157.34
ID_000850,German_Native,Female,43,43.0,Low,C1/C2,0.0,31029.72,0.0,16.25,13549.15,7187.38,356852.41,235300.85,20736.53,142288.09
ID_000851,German_Native,Female,45,45.0,High (Tertiary),C1/C2,0.0,74690.16,0.0,43.73,1427.28,4607.86,0.0,0.0,6035.14,6035.14
ID_000852,General_Migrant,Female,27,7.2,High (Tertiary),B1,0.12,32376.54,101.47,10.02,348.59,0.0,0.0,0.0,348.59,348.59
ID_000853,German_Native,Male,58,58.0,Medium (Vocational),C1/C2,0.0,49427.27,0.0,34.36,21713.82,5540.99,359061.1,24398.68,27254.81,361917.23
ID_000854,Ukrainian_Refugee_2022plus,Female,38,4.0,High (Tertiary),A1/A2,0.28,23136.53,60.39,1.48,225.55,0.0,0.0,738.23,225.55,-512.68
ID_000855,German_Native,Male,47,47.0,Medium (Vocational),C1/C2,0.0,116919.27,0.0,52.89,4801.6,0.0,323551.93,163583.14,4801.6,164770.39
ID_000856,German_Native,Female,44,44.0,Medium (Vocational),C1/C2,0.0,44542.35,0.0,28.99,4439.81,0.0,383671.05,253800.14,4439.81,134310.72
ID_000857,German_Native,Female,18,18.0,Medium (Vocational),C1/C2,0.0,29879.31,0.0,0.0,2005.91,0.0,0.0,0.0,2005.91,2005.91
ID_000858,German_Native,Male,47,47.0,High (Tertiary),C1/C2,0.0,56831.15,0.0,28.14,1735.8,9254.06,385855.37,166046.98,10989.86,230798.25
ID_000859,German_Native,Female,41,41.0,Medium (Vocational),C1/C2,0.0,42051.04,0.0,21.81,6373.17,0.0,219713.96,141477.87,6373.17,84609.26
ID_000860,German_Native,Male,48,48.0,High (Tertiary),C1/C2,0.0,124130.41,0.0,62.07,3681.88,0.0,383343.42,155860.95,3681.88,231164.35
ID_000861,General_Migrant,Male,59,28.1,Medium (Vocational),C1/C2,0.04,103315.03,137.62,53.89,4390.73,66719.1,0.0,0.0,71109.83,71109.83
ID_000862,German_Native,Male,46,46.0,High (Tertiary),C1/C2,0.0,105734.52,0.0,54.73,15657.1,0.0,0.0,0.0,15657.1,15657.1
ID_000863,German_Native,Male,41,41.0,Medium (Vocational),C1/C2,0.0,83533.2,0.0,37.19,2670.95,0.0,0.0,981.59,2670.95,1689.36
ID_000864,German_Native,Female,32,32.0,High (Tertiary),C1/C2,0.0,55189.14,0.0,17.42,4316.64,16095.08,0.0,0.0,20411.72,20411.72
ID_000865,German_Native,Male,41,41.0,Low,C1/C2,0.0,46822.78,0.0,16.8,1192.74,0.0,366750.64,240545.89,1192.74,127397.49
ID_000866,German_Native,Male,18,18.0,High (Tertiary),C1/C2,0.0,34874.24,0.0,0.0,1841.48,0.0,0.0,0.0,1841.48,1841.48
ID_000867,German_Native,Female,25,25.0,High (Tertiary),C1/C2,0.0,40182.85,0.0,4.28,100.0,510.61,0.0,0.0,610.61,610.61
ID_000868,German_Native,Female,67,67.0,Medium (Vocational),C1/C2,0.0,0.0,0.0,39.28,10351.25,31793.63,302421.27,0.0,42144.88,344566.15
ID_000869,General_Refugee,Female,27,10.1,High (Tertiary),B2,0.08,26417.4,58.91,3.73,855.31,0.0,0.0,3642.68,855.31,-2787.37
ID_000870,Migrant_2ndGen,Male,33,33.0,High (Tertiary),C1/C2,0.02,84244.07,31.27,20.56,477.07,500.0,0.0,76.54,977.07,900.53
ID_000871,German_Native,Male,44,44.0,High (Tertiary),C1/C2,0.0,57012.63,0.0,24.46,20311.2,3949.04,270823.86,181233.25,24260.24,113850.85
ID_000872,German_Native,Male,63,63.0,High (Tertiary),C1/C2,0.0,58325.29,0.0,45.42,97329.82,4377.46,427639.45,0.0,101707.28,529346.73
ID_000873,German_Native,Female,85,85.0,Medium (Vocational),C1/C2,0.0,0.0,0.0,48.02,20122.2,0.0,0.0,0.0,20122.2,20122.2
ID_000874,German_Native,Female,59,59.0,Medium (Vocational),C1/C2,0.0,32834.72,0.0,28.51,9976.19,14027.89,0.0,0.0,24004.08,24004.08
ID_000875,German_Native,Female,37,37.0,Medium (Vocational),C1/C2,0.0,54596.76,0.0,18.94,11708.5,5064.8,0.0,286.9,16773.3,16486.4
ID_000876,German_Native,Female,46,46.0,Medium (Vocational),C1/C2,0.0,37146.32,0.0,18.11,35106.77,0.0,0.0,758.46,35106.77,34348.31
ID_000877,General_Migrant,Male,55,28.9,High (Tertiary),B2,0.04,63350.36,319.13,37.5,3237.02,4330.24,0.0,0.0,7567.26,7567.26
ID_000878,General_Migrant,Female,48,12.1,High (Tertiary),C1/C2,0.04,60422.36,40.81,15.31,3296.62,21620.09,0.0,0.0,24916.71,24916.71
ID_000879,German_Native,Male,50,50.0,Medium (Vocational),C1/C2,0.0,40965.43,0.0,20.97,41637.02,0.0,0.0,3328.93,41637.02,38308.09
ID_000880,German_Native,Female,35,35.0,Medium (Vocational),C1/C2,0.0,30180.82,0.0,9.07,2913.92,0.0,0.0,0.0,2913.92,2913.92
ID_000881,German_Native,Female,44,44.0,Medium (Vocational),C1/C2,0.0,39334.64,0.0,19.7,2631.76,28466.43,0.0,738.44,31098.19,30359.75
ID_000882,General_Migrant,Male,47,13.5,Medium (Vocational),B1,0.04,46173.75,52.44,12.84,1742.23,0.0,0.0,5900.94,1742.23,-4158.71
ID_000883,German_Native,Female,41,41.0,High (Tertiary),C1/C2,0.0,55124.04,0.0,23.54,8118.61,0.0,0.0,845.19,8118.61,7273.42
ID_000884,German_Native,Female,51,51.0,High (Tertiary),C1/C2,0.0,89223.25,0.0,56.37,7262.04,0.0,258797.69,88454.31,7262.04,177605.42
ID_000885,General_Migrant,Female,40,19.1,High (Tertiary),B2,0.04,67917.74,3.12,22.23,11893.59,0.0,0.0,0.0,11893.59,11893.59
ID_000886,German_Native,Male,77,77.0,Medium (Vocational),C1/C2,0.0,0.0,0.0,41.24,2687.53,0.0,0.0,0.0,2687.53,2687.53
ID_000887,General_Migrant,Male,37,23.7,Medium (Vocational),A1/A2,0.04,58990.69,32.48,17.64,1883.69,0.0,0.0,0.0,1883.69,1883.69
ID_000888,German_Native,Male,48,48.0,Low,C1/C2,0.0,44723.3,0.0,26.94,4383.39,0.0,328774.7,143838.73,4383.39,189319.36
ID_000889,German_Native,Male,58,58.0,High (Tertiary),C1/C2,0.0,81321.68,0.0,61.97,1110.22,0.0,0.0,0.0,1110.22,1110.22
ID_000890,German_Native,Female,18,18.0,Medium (Vocational),C1/C2,0.0,49928.38,0.0,0.0,397.73,1459.01,0.0,2974.82,1856.74,-1118.08
ID_000891,General_Migrant,Female,72,7.1,Medium (Vocational),B2,0.04,0.0,197.09,5.28,6867.87,42497.71,0.0,0.0,49365.58,49365.58
ID_000892,General_Refugee,Female,31,11.1,Medium (Vocational),B2,0.08,27504.8,333.73,5.84,3160.93,0.0,0.0,0.0,3160.93,3160.93
ID_000893,General_Refugee,Female,24,11.2,Low,B2,0.08,34726.37,123.87,2.79,615.21,0.0,0.0,0.0,615.21,615.21
ID_000894,German_Native,Female,39,39.0,Medium (Vocational),C1/C2,0.0,92867.87,0.0,34.31,2577.03,0.0,0.0,0.0,2577.03,2577.03
ID_000895,General_Migrant,Male,24,15.5,Medium (Vocational),B2,0.04,38196.08,19.52,2.69,161.99,2691.27,426819.16,508948.47,2853.26,-79276.05
ID_000896,German_Native,Female,48,48.0,Medium (Vocational),C1/C2,0.0,48379.48,0.0,25.27,14777.65,0.0,0.0,0.0,14777.65,14777.65
ID_000897,German_Native,Female,39,39.0,High (Tertiary),C1/C2,0.0,79051.75,0.0,28.18,5380.14,14258.9,0.0,5904.0,19639.04,13735.04
ID_000898,Ukrainian_Refugee_2022plus,Female,51,1.7,High (Tertiary),A1/A2,0.28,50507.58,33.9,1.09,557.87,0.0,0.0,1703.69,557.87,-1145.82
ID_000899,German_Native,Female,66,66.0,High (Tertiary),C1/C2,0.0,120297.1,0.0,90.41,72984.25,20339.11,0.0,0.0,93323.36,93323.36
ID_000900,German_Native,Male,29,29.0,High (Tertiary),C1/C2,0.0,25817.66,0.0,4.15,430.77,29067.41,0.0,0.0,29498.18,29498.18
ID_000901,German_Native,Female,18,18.0,Medium (Vocational),C1/C2,0.0,35611.29,0.0,0.0,1623.79,500.0,0.0,0.0,2123.79,2123.79
ID_000902,German_Native,Female,49,49.0,High (Tertiary),C1/C2,0.0,68193.04,0.0,42.15,11664.92,0.0,612343.67,196271.82,11664.92,427736.77
ID_000903,German_Native,Male,41,41.0,Medium (Vocational),C1/C2,0.0,28522.61,0.0,11.6,2453.38,0.0,324697.12,206470.19,2453.38,120680.31
ID_000904,German_Native,Female,31,31.0,Medium (Vocational),C1/C2,0.0,36669.73,0.0,13.07,12154.12,0.0,0.0,7.48,12154.12,12146.64
ID_000905,German_Native,Male,46,46.0,High (Tertiary),C1/C2,0.0,77072.85,0.0,38.81,1206.74,0.0,409725.03,205032.69,1206.74,205899.08
ID_000906,Ukrainian_Refugee_2022plus,Female,30,2.0,Medium (Vocational),B2,0.1,21148.2,189.14,0.88,160.31,0.0,343448.82,412950.65,160.31,-69341.52
ID_000907,General_Refugee,Female,46,8.3,Medium (Vocational),B1,0.08,38882.6,110.68,6.49,906.9,0.0,0.0,1138.88,906.9,-231.98
ID_000908,German_Native,Male,58,58.0,High (Tertiary),C1/C2,0.0,72340.57,0.0,52.57,1884.85,22175.01,0.0,2522.13,24059.86,21537.73
ID_000909,German_Native,Male,26,26.0,High (Tertiary),C1/C2,0.0,74932.16,0.0,7.68,7127.5,0.0,0.0,0.0,7127.5,7127.5
ID_000910,German_Native,Female,39,39.0,Medium (Vocational),C1/C2,0.0,49153.63,0.0,16.7,4418.03,0.0,0.0,0.0,4418.03,4418.03
ID_000911,German_Native,Male,65,65.0,Low,C1/C2,0.0,79302.93,0.0,65.06,24521.43,0.0,330883.13,0.0,24521.43,355404.56
ID_000912,German_Native,Male,60,60.0,Medium (Vocational),C1/C2,0.0,80841.65,0.0,61.05,10883.6,0.0,0.0,0.0,10883.6,10883.6
ID_000913,German_Native,Male,27,27.0,High (Tertiary),C1/C2,0.0,58893.52,0.0,8.35,8142.98,2043.43,0.0,0.0,10186.41,10186.41
ID_000914,German_Native,Male,65,65.0,Medium (Vocational),C1/C2,0.0,47510.59,0.0,43.71,142982.46,10768.39,0.0,1193.04,153750.85,152557.81
ID_000915,German_Native,Male,25,25.0,Medium (Vocational),C1/C2,0.0,49568.58,0.0,4.7,338.51,0.0,0.0,0.0,338.51,338.51
ID_000916,German_Native,Male,61,61.0,Medium (Vocational),C1/C2,0.0,44542.98,0.0,33.35,2321.47,0.0,428050.97,0.0,2321.47,430372.44
ID_000917,German_Native,Female,75,75.0,Medium (Vocational),C1/C2,0.0,0.0,0.0,52.36,3572.5,0.0,0.0,5383.68,3572.5,-1811.18
ID_000918,Migrant_2ndGen,Female,18,18.0,High (Tertiary),C1/C2,0.02,47589.33,14.64,0.0,1291.32,0.0,0.0,0.0,1291.32,1291.32
ID_000919,General_Migrant,Male,50,7.5,Medium (Vocational),C1/C2,0.04,64252.18,52.15,9.05,923.04,0.0,0.0,0.0,923.04,923.04
ID_000920,German_Native,Male,40,40.0,Medium (Vocational),C1/C2,0.0,80347.36,0.0,34.89,19998.44,0.0,464501.99,336163.24,19998.44,148337.19
ID_000921,General_Refugee,Female,41,10.2,Low,A1/A2,0.08,37559.89,58.1,7.82,336.26,0.0,0.0,1597.72,336.26,-1261.46
ID_000922,German_Native,Female,26,26.0,Low,C1/C2,0.0,35750.3,0.0,10.05,11099.94,0.0,0.0,0.0,11099.94,11099.94
ID_000923,Ukrainian_Refugee_2022plus,Female,24,1.2,High (Tertiary),B1,0.28,25559.05,97.37,0.54,338.37,0.0,0.0,823.23,338.37,-484.86
ID_000924,General_Migrant,Male,31,33.0,High (Tertiary),B1,0.12,65974.08,15.32,14.82,298.54,0.0,0.0,0.0,298.54,298.54
ID_000925,German_Native,Female,29,29.0,Medium (Vocational),C1/C2,0.0,24790.24,0.0,4.23,3239.28,0.0,350582.97,364497.99,3239.28,-10675.74
ID_000926,German_Native,Male,18,18.0,High (Tertiary),C1/C2,0.0,37833.55,0.0,0.0,104.4,0.0,0.0,0.0,104.4,104.4
ID_000927,German_Native,Male,32,32.0,Medium (Vocational),C1/C2,0.0,47915.16,0.0,10.87,7223.15,12248.89,0.0,0.0,19472.04,19472.04
ID_000928,German_Native,Female,48,48.0,High (Tertiary),C1/C2,0.0,67100.17,0.0,31.99,11466.33,62837.03,264724.73,105408.08,74303.36,233620.01
ID_000929,German_Native,Male,34,34.0,High (Tertiary),C1/C2,0.0,93269.32,0.0,24.12,5095.83,0.0,0.0,0.0,5095.83,5095.83
ID_000930,German_Native,Male,41,41.0,Medium (Vocational),C1/C2,0.0,49247.14,0.0,19.35,44060.49,0.0,216327.65,133228.38,44060.49,127159.76
ID_000931,German_Native,Male,25,25.0,High (Tertiary),C1/C2,0.0,53901.62,0.0,5.12,593.37,1398.0,0.0,0.0,1991.37,1991.37
ID_000932,General_Refugee,Male,18,8.4,Low,B1,0.08,25219.38,26.09,0.0,413.34,0.0,0.0,0.0,413.34,413.34
ID_000933,Migrant_2ndGen,Male,33,33.0,High (Tertiary),C1/C2,0.02,79146.41,46.58,19.16,6968.67,0.0,0.0,0.0,6968.67,6968.67
ID_000934,German_Native,Female,67,67.0,High (Tertiary),C1/C2,0.0,0.0,0.0,37.76,15377.6,54413.49,231415.4,0.0,69791.09,301206.49
ID_000935,German_Native,Female,50,50.0,High (Tertiary),C1/C2,0.0,40954.59,0.0,26.37,1418.22,0.0,0.0,5678.68,1418.22,-4260.46
ID_000936,German_Native,Female,59,59.0,Medium (Vocational),C1/C2,0.0,54264.71,0.0,37.81,61584.17,0.0,327157.07,13005.02,61584.17,375736.22
ID_000937,German_Native,Female,25,25.0,Medium (Vocational),C1/C2,0.0,40425.46,0.0,6.98,770.68,3368.99,0.0,4568.95,4139.67,-429.28
ID_000938,Ukrainian_Migrant_Pre2022,Male,37,14.5,High (Tertiary),A1/A2,0.08,44909.47,45.45,11.96,100.0,0.0,0.0,6.4,100.0,93.6
ID_000939,German_Native,Male,46,46.0,High (Tertiary),C1/C2,0.0,49899.75,0.0,22.16,10127.13,0.0,0.0,3705.89,10127.13,6421.24
ID_000940,German_Native,Female,49,49.0,High (Tertiary),C1/C2,0.0,67407.27,0.0,38.14,2346.41,0.0,337286.49,162433.37,2346.41,177199.53
ID_000941,German_Native,Female,43,43.0,High (Tertiary),C1/C2,0.0,71072.55,0.0,36.17,22040.07,0.0,0.0,0.0,22040.07,22040.07
ID_000942,German_Native,Female,18,18.0,Low,C1/C2,0.0,36695.53,0.0,0.0,1099.69,0.0,0.0,0.0,1099.69,1099.69
ID_000943,General_Migrant,Female,61,10.4,Medium (Vocational),B2,0.04,33216.08,194.49,9.73,10241.9,4996.37,0.0,0.0,15238.27,15238.27
ID_000944,General_Refugee,Male,31,8.6,Medium (Vocational),C1/C2,0.08,52364.7,195.63,9.07,613.05,0.0,0.0,0.0,613.05,613.05
ID_000945,German_Native,Female,42,42.0,Medium (Vocational),C1/C2,0.0,53003.52,0.0,25.89,3771.14,0.0,0.0,398.78,3771.14,3372.36
ID_000946,German_Native,Female,53,53.0,Medium (Vocational),C1/C2,0.0,62077.82,0.0,41.36,8834.46,0.0,0.0,0.0,8834.46,8834.46
ID_000947,German_Native,Female,41,41.0,Medium (Vocational),C1/C2,0.0,49211.44,0.0,28.08,5384.91,0.0,0.0,4419.37,5384.91,965.54
ID_000948,Ukrainian_Migrant_Pre2022,Female,60,16.2,Medium (Vocational),B2,0.03,49393.59,345.7,15.96,11995.25,0.0,0.0,0.0,11995.25,11995.25
ID_000949,Ukrainian_Refugee_2022plus,Male,56,3.4,High (Tertiary),B2,0.1,37351.21,90.21,2.34,2428.53,0.0,0.0,0.0,2428.53,2428.53
ID_000950,German_Native,Male,36,36.0,High (Tertiary),C1/C2,0.0,82610.32,0.0,23.22,7411.17,0.0,0.0,0.0,7411.17,7411.17
ID_000951,German_Native,Male,28,28.0,Medium (Vocational),C1/C2,0.0,53257.29,0.0,7.9,894.47,0.0,0.0,3039.18,894.47,-2144.71
ID_000952,General_Migrant,Female,24,22.2,High (Tertiary),B2,0.04,39195.68,4.94,3.27,957.68,647.57,0.0,0.0,1605.25,1605.25
ID_000953,German_Native,Female,29,29.0,Medium (Vocational),C1/C2,0.0,98410.86,0.0,23.21,8093.02,0.0,0.0,0.0,8093.02,8093.02
ID_000954,Ukrainian_Migrant_Pre2022,Female,32,13.8,Low,C1/C2,0.03,32013.21,99.38,10.12,908.24,0.0,0.0,713.72,908.24,194.52
ID_000955,German_Native,Male,50,50.0,High (Tertiary),C1/C2,0.0,93870.12,0.0,51.73,9189.98,39214.87,384861.4,163244.56,48404.85,270021.69
ID_000956,German_Native,Male,31,31.0,Medium (Vocational),C1/C2,0.0,53071.33,0.0,10.42,1240.56,0.0,0.0,0.0,1240.56,1240.56
ID_000957,German_Native,Male,36,36.0,High (Tertiary),C1/C2,0.0,100299.23,0.0,32.99,2868.86,38687.04,0.0,0.0,41555.9,41555.9
ID_000958,German_Native,Female,48,48.0,High (Tertiary),C1/C2,0.0,66054.4,0.0,34.26,1750.94,0.0,461185.92,204961.62,1750.94,257975.24
ID_000959,German_Native,Male,72,72.0,Medium (Vocational),C1/C2,0.0,0.0,0.0,46.07,13336.99,0.0,0.0,0.0,13336.99,13336.99
ID_000960,General_Migrant,Male,44,13.8,High (Tertiary),B1,0.12,43531.73,72.26,10.4,6510.37,0.0,0.0,982.53,6510.37,5527.84
ID_000961,German_Native,Male,46,46.0,Low,C1/C2,0.0,29367.82,0.0,14.88,4365.17,8675.98,335776.61,185550.1,13041.15,163267.66
ID_000962,German_Native,Male,55,55.0,High (Tertiary),C1/C2,0.0,42614.32,0.0,30.11,4252.6,5480.55,366571.43,59569.97,9733.15,316734.61
ID_000963,German_Native,Male,51,51.0,Medium (Vocational),C1/C2,0.0,57510.5,0.0,38.0,4736.92,3823.71,451504.22,165476.69,8560.63,294588.16
ID_000964,German_Native,Female,36,36.0,Medium (Vocational),C1/C2,0.0,45098.81,0.0,18.56,6175.38,0.0,0.0,4131.24,6175.38,2044.14
ID_000965,German_Native,Male,46,46.0,Medium (Vocational),C1/C2,0.0,99639.67,0.0,51.25,685.61,0.0,120000.0,54625.03,685.61,66060.58
ID_000966,German_Native,Female,63,63.0,Low,C1/C2,0.0,56663.42,0.0,55.11,1705.52,0.0,0.0,441.04,1705.52,1264.48
ID_000967,General_Migrant,Female,39,19.5,Medium (Vocational),C1/C2,0.04,25147.5,138.62,9.4,2260.43,8093.64,0.0,0.0,10354.07,10354.07
ID_000968,German_Native,Male,44,44.0,High (Tertiary),C1/C2,0.0,60672.75,0.0,26.24,983.27,8411.94,471912.15,226860.65,9395.21,254446.71
ID_000969,German_Native,Female,44,44.0,High (Tertiary),C1/C2,0.0,60315.32,0.0,27.27,1728.09,0.0,0.0,459.52,1728.09,1268.57
ID_000970,German_Native,Male,61,61.0,Low,C1/C2,0.0,43886.06,0.0,31.33,15249.73,0.0,533361.01,0.0,15249.73,548610.74
ID_000971,General_Migrant,Female,46,24.0,Medium (Vocational),C1/C2,0.04,52991.95,39.71,24.09,7624.85,0.0,359941.0,152516.09,7624.85,215049.76
ID_000972,Migrant_2ndGen,Female,18,18.0,Medium (Vocational),C1/C2,0.02,18557.07,6.26,0.0,935.9,500.0,0.0,1484.87,1435.9,-48.97
ID_000973,General_Migrant,Male,47,20.9,High (Tertiary),B1,0.12,53033.02,20.34,20.75,2009.75,0.0,0.0,0.0,2009.75,2009.75
ID_000974,German_Native,Male,59,59.0,Medium (Vocational),C1/C2,0.0,71643.65,0.0,48.34,14936.13,0.0,0.0,0.0,14936.13,14936.13
ID_000975,German_Native,Female,27,27.0,Medium (Vocational),C1/C2,0.0,46058.11,0.0,8.43,1584.18,0.0,0.0,1148.13,1584.18,436.05
ID_000976,German_Native,Male,73,73.0,High (Tertiary),C1/C2,0.0,0.0,0.0,51.3,9157.05,0.0,191312.02,0.0,9157.05,200469.07
ID_000977,German_Native,Male,46,46.0,Medium (Vocational),C1/C2,0.0,32702.23,0.0,14.1,20493.9,6466.23,419136.07,238907.73,26960.13,207188.47
ID_000978,German_Native,Male,34,34.0,Medium (Vocational),C1/C2,0.0,59694.44,0.0,14.9,38376.6,0.0,0.0,0.0,38376.6,38376.6
ID_000979,German_Native,Female,23,23.0,Low,C1/C2,0.0,35386.38,0.0,2.2,527.05,4081.7,0.0,0.0,4608.75,4608.75
ID_000980,German_Native,Female,29,29.0,High (Tertiary),C1/C2,0.0,55540.57,0.0,9.83,52799.47,0.0,0.0,0.0,52799.47,52799.47
ID_000981,German_Native,Female,49,49.0,High (Tertiary),C1/C2,0.0,55547.25,0.0,37.27,10402.03,0.0,504053.44,219022.35,10402.03,295433.12
ID_000982,General_Migrant,Male,54,10.8,High (Tertiary),B2,0.04,35492.05,95.54,6.27,4141.13,148800.3,0.0,0.0,152941.43,152941.43
ID_000983,German_Native,Male,30,30.0,Medium (Vocational),C1/C2,0.0,45226.45,0.0,9.83,2578.9,0.0,0.0,0.0,2578.9,2578.9
ID_000984,German_Native,Female,68,68.0,High (Tertiary),C1/C2,0.0,0.0,0.0,37.74,9232.62,0.0,0.0,0.0,9232.62,9232.62
ID_000985,General_Migrant,Female,34,27.1,Medium (Vocational),C1/C2,0.04,42617.95,48.07,17.15,1909.84,0.0,0.0,0.0,1909.84,1909.84
ID_000986,German_Native,Male,36,36.0,Low,C1/C2,0.0,33030.16,0.0,9.55,8916.6,0.0,0.0,0.0,8916.6,8916.6
ID_000987,General_Migrant,Male,34,23.3,High (Tertiary),C1/C2,0.04,36623.0,21.14,10.7,9762.13,0.0,0.0,0.0,9762.13,9762.13
ID_000988,German_Native,Male,39,39.0,Medium (Vocational),C1/C2,0.0,50645.42,0.0,17.95,13837.96,1959.77,0.0,0.0,15797.73,15797.73
ID_000989,German_Native,Female,26,26.0,High (Tertiary),C1/C2,0.0,36871.67,0.0,7.85,301.6,8718.76,0.0,0.0,9020.36,9020.36
ID_000990,General_Refugee,Male,40,9.6,Low,C1/C2,0.08,34964.92,12.46,5.9,158.58,0.0,0.0,0.0,158.58,158.58
ID_000991,General_Migrant,Female,34,31.0,High (Tertiary),B1,0.12,87783.95,261.83,24.14,2142.87,0.0,0.0,0.0,2142.87,2142.87
ID_000992,General_Migrant,Female,46,33.5,Low,B1,0.04,40273.71,120.31,21.46,12856.74,16882.44,0.0,0.0,29739.18,29739.18
ID_000993,German_Native,Female,45,45.0,Low,C1/C2,0.0,50334.07,0.0,28.93,10571.15,0.0,0.0,0.0,10571.15,10571.15
ID_000994,German_Native,Female,48,48.0,High (Tertiary),C1/C2,0.0,50311.58,0.0,30.23,13469.21,0.0,0.0,0.0,13469.21,13469.21
ID_000995,German_Native,Male,63,63.0,Medium (Vocational),C1/C2,0.0,71912.49,0.0,67.64,13100.29,0.0,363234.99,0.0,13100.29,376335.28
ID_000996,German_Native,Female,40,40.0,High (Tertiary),C1/C2,0.0,54631.03,0.0,23.14,4656.14,0.0,0.0,3491.85,4656.14,1164.29
ID_000997,Ukrainian_Migrant_Pre2022,Female,49,9.4,High (Tertiary),C1/C2,0.03,54435.65,67.4,9.6,2923.6,500.0,245785.48,99643.54,3423.6,149565.54
ID_000998,German_Native,Female,52,52.0,High (Tertiary),C1/C2,0.0,53121.17,0.0,43.56,27230.76,0.0,629173.67,141417.06,27230.76,514987.37
ID_000999,Migrant_2ndGen,Male,24,24.0,Medium (Vocational),C1/C2,0.02,32879.39,23.5,2.75,821.2,0.0,0.0,0.0,821.2,821.2
ID_001000,German_Native,Female,52,52.0,High (Tertiary),C1/C2,0.0,45980.3,0.0,31.04,3710.67,0.0,0.0,0.0,3710.67,3710.67
